version,pattern,n_rows,n_cols,time_elapsed
histogram_v1,random,56,56,0.000123874
histogram_v1,random,57,57,0.000113893
histogram_v1,random,120,120,0.000121647
histogram_v1,random,121,121,0.000153552
histogram_v1,random,184,184,0.000135486
histogram_v1,random,185,185,0.000156304
histogram_v1,random,248,248,0.000153082
histogram_v1,random,249,249,0.000192018
histogram_v1,random,312,312,0.000172257
histogram_v1,random,313,313,0.000171175
histogram_v1,random,376,376,0.000199405
histogram_v1,random,377,377,0.000206873
histogram_v1,random,440,440,0.000235399
histogram_v1,random,441,441,0.000239694
histogram_v1,random,504,504,0.000284712
histogram_v1,random,505,505,0.000262404
histogram_v1,random,568,568,0.000327194
histogram_v1,random,569,569,0.00053097
histogram_v1,random,632,632,0.000383404
histogram_v1,random,633,633,0.000624751
histogram_v1,random,696,696,0.00042333
histogram_v1,random,697,697,0.000725807
histogram_v1,random,760,760,0.000493811
histogram_v1,random,761,761,0.000875613
histogram_v1,random,824,824,0.000596387
histogram_v1,random,825,825,0.000578525
histogram_v1,random,888,888,0.000676247
histogram_v1,random,889,889,0.000667672
histogram_v1,random,952,952,0.000703822
histogram_v1,random,953,953,0.000774537
histogram_v1,random,1016,1016,0.000882969
histogram_v1,random,1017,1017,0.000872451
histogram_v1,random,1080,1080,0.00166028
histogram_v1,random,1081,1081,0.00171867
histogram_v1,random,1144,1144,0.00186493
histogram_v1,random,1145,1145,0.00179392
histogram_v1,random,1208,1208,0.00204103
histogram_v1,random,1209,1209,0.00199981
histogram_v1,random,1272,1272,0.00198294
histogram_v1,random,1273,1273,0.00211724
histogram_v1,random,1336,1336,0.00245653
histogram_v1,random,1337,1337,0.00251275
histogram_v1,random,1400,1400,0.0026906
histogram_v1,random,1401,1401,0.00276031
histogram_v1,random,1464,1464,0.00302266
histogram_v1,random,1465,1465,0.00302444
histogram_v1,random,1528,1528,0.00326235
histogram_v1,random,1529,1529,0.00306924
histogram_v1,random,1592,1592,0.00345572
histogram_v1,random,1593,1593,0.00350325
histogram_v1,random,1656,1656,0.00376002
histogram_v1,random,1657,1657,0.00363016
histogram_v1,random,1720,1720,0.00383145
histogram_v1,random,1721,1721,0.00401157
histogram_v1,random,1784,1784,0.00419726
histogram_v1,random,1785,1785,0.00440119
histogram_v1,random,1848,1848,0.00453934
histogram_v1,random,1849,1849,0.00460513
histogram_v1,random,1912,1912,0.00497455
histogram_v1,random,1913,1913,0.00454325
histogram_v1,random,1976,1976,0.00533106
histogram_v1,random,1977,1977,0.00530881
histogram_v1,random,2040,2040,0.00570498
histogram_v1,random,2041,2041,0.00570265
histogram_v1,random,2104,2104,0.00601756
histogram_v1,random,2105,2105,0.00601769
histogram_v1,random,2168,2168,0.00636088
histogram_v1,random,2169,2169,0.00633983
histogram_v1,random,2232,2232,0.00640821
histogram_v1,random,2233,2233,0.00667411
histogram_v1,random,2296,2296,0.00679536
histogram_v1,random,2297,2297,0.00685515
histogram_v1,random,2360,2360,0.00753457
histogram_v1,random,2361,2361,0.00721557
histogram_v1,random,2424,2424,0.00789633
histogram_v1,random,2425,2425,0.00753209
histogram_v1,random,2488,2488,0.00834717
histogram_v1,random,2489,2489,0.00779322
histogram_v1,random,2552,2552,0.00844452
histogram_v1,random,2553,2553,0.00862011
histogram_v1,random,2616,2616,0.00919503
histogram_v1,random,2617,2617,0.0088514
histogram_v1,random,2680,2680,0.00944884
histogram_v1,random,2681,2681,0.0096854
histogram_v1,random,2744,2744,0.00765461
histogram_v1,random,2745,2745,0.00952684
histogram_v1,random,2808,2808,0.00979061
histogram_v1,random,2809,2809,0.0102966
histogram_v1,random,2872,2872,0.0103039
histogram_v1,random,2873,2873,0.011106
histogram_v1,random,2936,2936,0.0115828
histogram_v1,random,2937,2937,0.0113852
histogram_v1,random,3000,3000,0.0104465
histogram_v1,random,3001,3001,0.0119247
histogram_v1,random,3064,3064,0.0121707
histogram_v1,random,3065,3065,0.0121147
histogram_v1,random,3128,3128,0.0124067
histogram_v1,random,3129,3129,0.013099
histogram_v1,random,3192,3192,0.013053
histogram_v1,random,3193,3193,0.0132145
histogram_v1,random,3256,3256,0.0136453
histogram_v1,random,3257,3257,0.011379
histogram_v1,random,3320,3320,0.0144328
histogram_v1,random,3321,3321,0.0147389
histogram_v1,random,3384,3384,0.0147523
histogram_v1,random,3385,3385,0.0153201
histogram_v1,random,3448,3448,0.0159011
histogram_v1,random,3449,3449,0.0158953
histogram_v1,random,3512,3512,0.0163902
histogram_v1,random,3513,3513,0.0154059
histogram_v1,random,3576,3576,0.0171183
histogram_v1,random,3577,3577,0.0167109
histogram_v1,random,3640,3640,0.0168976
histogram_v1,random,3641,3641,0.0171837
histogram_v1,random,3704,3704,0.0168597
histogram_v1,random,3705,3705,0.0178709
histogram_v1,random,3768,3768,0.0186879
histogram_v1,random,3769,3769,0.0184021
histogram_v1,random,3832,3832,0.0190901
histogram_v1,random,3833,3833,0.0187021
histogram_v1,random,3896,3896,0.0195451
histogram_v1,random,3897,3897,0.0193318
histogram_v1,random,3960,3960,0.0209759
histogram_v1,random,3961,3961,0.0203918
histogram_v1,random,4024,4024,0.0205919
histogram_v1,random,4025,4025,0.0202677
histogram_v1,random,4088,4088,0.0217785
histogram_v1,random,4089,4089,0.0223101
histogram_v1,random,32,32,0.000112199
histogram_v1,random,33,33,0.000116404
histogram_v1,random,128,128,0.000136473
histogram_v1,random,129,129,0.000133882
histogram_v1,random,256,256,0.000202109
histogram_v1,random,257,257,0.000198517
histogram_v1,random,512,512,0.000462487
histogram_v1,random,513,513,0.000457273
histogram_v1,random,1024,1024,0.00154297
histogram_v1,random,1025,1025,0.000797645
histogram_v1,random,2048,2048,0.00575767
histogram_v1,random,2049,2049,0.00575146
histogram_v1,random,4096,4096,0.0224231
histogram_v1,random,4097,4097,0.022305
histogram_v1,random,56,56,0.000111631
histogram_v1,random,57,57,0.00011494
histogram_v1,random,120,120,0.000124763
histogram_v1,random,121,121,0.000132264
histogram_v1,random,184,184,0.000141555
histogram_v1,random,185,185,0.000154038
histogram_v1,random,248,248,0.000152122
histogram_v1,random,249,249,0.000195303
histogram_v1,random,312,312,0.00017599
histogram_v1,random,313,313,0.000180592
histogram_v1,random,376,376,0.000211214
histogram_v1,random,377,377,0.000206422
histogram_v1,random,440,440,0.00025274
histogram_v1,random,441,441,0.000239004
histogram_v1,random,504,504,0.000270752
histogram_v1,random,505,505,0.000284459
histogram_v1,random,568,568,0.000336604
histogram_v1,random,569,569,0.000539771
histogram_v1,random,632,632,0.000372607
histogram_v1,random,633,633,0.000642029
histogram_v1,random,696,696,0.000428922
histogram_v1,random,697,697,0.000765727
histogram_v1,random,760,760,0.000508198
histogram_v1,random,761,761,0.000896277
histogram_v1,random,824,824,0.000579882
histogram_v1,random,825,825,0.000590631
histogram_v1,random,888,888,0.000663698
histogram_v1,random,889,889,0.000668963
histogram_v1,random,952,952,0.000779188
histogram_v1,random,953,953,0.000770241
histogram_v1,random,1016,1016,0.000852293
histogram_v1,random,1017,1017,0.000878292
histogram_v1,random,1080,1080,0.00170198
histogram_v1,random,1081,1081,0.00166388
histogram_v1,random,1144,1144,0.00184821
histogram_v1,random,1145,1145,0.0017848
histogram_v1,random,1208,1208,0.0020902
histogram_v1,random,1209,1209,0.00204559
histogram_v1,random,1272,1272,0.00219948
histogram_v1,random,1273,1273,0.00215699
histogram_v1,random,1336,1336,0.00245427
histogram_v1,random,1337,1337,0.00238371
histogram_v1,random,1400,1400,0.00261459
histogram_v1,random,1401,1401,0.00268315
histogram_v1,random,1464,1464,0.00289431
histogram_v1,random,1465,1465,0.00302499
histogram_v1,random,1528,1528,0.00321272
histogram_v1,random,1529,1529,0.002988
histogram_v1,random,1592,1592,0.00348926
histogram_v1,random,1593,1593,0.0034214
histogram_v1,random,1656,1656,0.00375748
histogram_v1,random,1657,1657,0.00373619
histogram_v1,random,1720,1720,0.00396553
histogram_v1,random,1721,1721,0.00386553
histogram_v1,random,1784,1784,0.00440521
histogram_v1,random,1785,1785,0.00422108
histogram_v1,random,1848,1848,0.00469795
histogram_v1,random,1849,1849,0.00467893
histogram_v1,random,1912,1912,0.00495237
histogram_v1,random,1913,1913,0.00496907
histogram_v1,random,1976,1976,0.00510656
histogram_v1,random,1977,1977,0.00513281
histogram_v1,random,2040,2040,0.00563735
histogram_v1,random,2041,2041,0.00570296
histogram_v1,random,2104,2104,0.00589944
histogram_v1,random,2105,2105,0.00602167
histogram_v1,random,2168,2168,0.00637012
histogram_v1,random,2169,2169,0.00635471
histogram_v1,random,2232,2232,0.006658
histogram_v1,random,2233,2233,0.00663471
histogram_v1,random,2296,2296,0.00718414
histogram_v1,random,2297,2297,0.00629854
histogram_v1,random,2360,2360,0.00720451
histogram_v1,random,2361,2361,0.00752063
histogram_v1,random,2424,2424,0.00745444
histogram_v1,random,2425,2425,0.0071915
histogram_v1,random,2488,2488,0.00829927
histogram_v1,random,2489,2489,0.00793366
histogram_v1,random,2552,2552,0.00847325
histogram_v1,random,2553,2553,0.00818884
histogram_v1,random,2616,2616,0.00920049
histogram_v1,random,2617,2617,0.00915047
histogram_v1,random,2680,2680,0.00970277
histogram_v1,random,2681,2681,0.00924172
histogram_v1,random,2744,2744,0.0101445
histogram_v1,random,2745,2745,0.0101361
histogram_v1,random,2808,2808,0.0105686
histogram_v1,random,2809,2809,0.0105794
histogram_v1,random,2872,2872,0.0109983
histogram_v1,random,2873,2873,0.0111033
histogram_v1,random,2936,2936,0.011576
histogram_v1,random,2937,2937,0.0110242
histogram_v1,random,3000,3000,0.0119417
histogram_v1,random,3001,3001,0.011917
histogram_v1,random,3064,3064,0.0126251
histogram_v1,random,3065,3065,0.0126126
histogram_v1,random,3128,3128,0.0131064
histogram_v1,random,3129,3129,0.012489
histogram_v1,random,3192,3192,0.0135313
histogram_v1,random,3193,3193,0.0136314
histogram_v1,random,3256,3256,0.0137471
histogram_v1,random,3257,3257,0.0142133
histogram_v1,random,3320,3320,0.0140241
histogram_v1,random,3321,3321,0.0147316
histogram_v1,random,3384,3384,0.0145283
histogram_v1,random,3385,3385,0.0153347
histogram_v1,random,3448,3448,0.0148639
histogram_v1,random,3449,3449,0.0155236
histogram_v1,random,3512,3512,0.0165001
histogram_v1,random,3513,3513,0.0164744
histogram_v1,random,3576,3576,0.0159647
histogram_v1,random,3577,3577,0.017108
histogram_v1,random,3640,3640,0.0172148
histogram_v1,random,3641,3641,0.0176215
histogram_v1,random,3704,3704,0.0183112
histogram_v1,random,3705,3705,0.0175476
histogram_v1,random,3768,3768,0.0179553
histogram_v1,random,3769,3769,0.0189432
histogram_v1,random,3832,3832,0.0184632
histogram_v1,random,3833,3833,0.0196394
histogram_v1,random,3896,3896,0.0202516
histogram_v1,random,3897,3897,0.0193431
histogram_v1,random,3960,3960,0.0205641
histogram_v1,random,3961,3961,0.0209536
histogram_v1,random,4024,4024,0.0209144
histogram_v1,random,4025,4025,0.0215879
histogram_v1,random,4088,4088,0.0213424
histogram_v1,random,4089,4089,0.0223119
histogram_v1,random,32,32,0.000110798
histogram_v1,random,33,33,0.000121022
histogram_v1,random,128,128,0.000136115
histogram_v1,random,129,129,0.000133041
histogram_v1,random,256,256,0.000201972
histogram_v1,random,257,257,0.000205921
histogram_v1,random,512,512,0.000457993
histogram_v1,random,513,513,0.000458829
histogram_v1,random,1024,1024,0.00157911
histogram_v1,random,1025,1025,0.000858788
histogram_v1,random,2048,2048,0.00575768
histogram_v1,random,2049,2049,0.00564941
histogram_v1,random,4096,4096,0.0220592
histogram_v1,random,4097,4097,0.0224158
histogram_v1,random,56,56,0.000115203
histogram_v1,random,57,57,0.000117048
histogram_v1,random,120,120,0.000119755
histogram_v1,random,121,121,0.000131251
histogram_v1,random,184,184,0.00012727
histogram_v1,random,185,185,0.000162757
histogram_v1,random,248,248,0.000157172
histogram_v1,random,249,249,0.000191016
histogram_v1,random,312,312,0.000184003
histogram_v1,random,313,313,0.000151119
histogram_v1,random,376,376,0.000207258
histogram_v1,random,377,377,0.000223806
histogram_v1,random,440,440,0.000242835
histogram_v1,random,441,441,0.000226653
histogram_v1,random,504,504,0.000276253
histogram_v1,random,505,505,0.000281522
histogram_v1,random,568,568,0.000331012
histogram_v1,random,569,569,0.000541363
histogram_v1,random,632,632,0.000366846
histogram_v1,random,633,633,0.000632588
histogram_v1,random,696,696,0.000449693
histogram_v1,random,697,697,0.000765425
histogram_v1,random,760,760,0.000508701
histogram_v1,random,761,761,0.000895287
histogram_v1,random,824,824,0.000549656
histogram_v1,random,825,825,0.000591611
histogram_v1,random,888,888,0.00066513
histogram_v1,random,889,889,0.000645998
histogram_v1,random,952,952,0.000744519
histogram_v1,random,953,953,0.000774437
histogram_v1,random,1016,1016,0.000856229
histogram_v1,random,1017,1017,0.000790298
histogram_v1,random,1080,1080,0.001609
histogram_v1,random,1081,1081,0.00171286
histogram_v1,random,1144,1144,0.0019046
histogram_v1,random,1145,1145,0.00188253
histogram_v1,random,1208,1208,0.00208749
histogram_v1,random,1209,1209,0.00193883
histogram_v1,random,1272,1272,0.00220036
histogram_v1,random,1273,1273,0.0022256
histogram_v1,random,1336,1336,0.00251511
histogram_v1,random,1337,1337,0.00251127
histogram_v1,random,1400,1400,0.00273353
histogram_v1,random,1401,1401,0.00244432
histogram_v1,random,1464,1464,0.00302797
histogram_v1,random,1465,1465,0.00267037
histogram_v1,random,1528,1528,0.00323861
histogram_v1,random,1529,1529,0.00325677
histogram_v1,random,1592,1592,0.00335466
histogram_v1,random,1593,1593,0.00345918
histogram_v1,random,1656,1656,0.00354871
histogram_v1,random,1657,1657,0.00354282
histogram_v1,random,1720,1720,0.00398236
histogram_v1,random,1721,1721,0.00381763
histogram_v1,random,1784,1784,0.00435671
histogram_v1,random,1785,1785,0.00425007
histogram_v1,random,1848,1848,0.00437564
histogram_v1,random,1849,1849,0.00454709
histogram_v1,random,1912,1912,0.00496821
histogram_v1,random,1913,1913,0.00497089
histogram_v1,random,1976,1976,0.00494815
histogram_v1,random,1977,1977,0.00515675
histogram_v1,random,2040,2040,0.00567796
histogram_v1,random,2041,2041,0.00561076
histogram_v1,random,2104,2104,0.00591004
histogram_v1,random,2105,2105,0.00589945
histogram_v1,random,2168,2168,0.00626116
histogram_v1,random,2169,2169,0.00621018
histogram_v1,random,2232,2232,0.00676004
histogram_v1,random,2233,2233,0.006743
histogram_v1,random,2296,2296,0.00676567
histogram_v1,random,2297,2297,0.00717962
histogram_v1,random,2360,2360,0.00753717
histogram_v1,random,2361,2361,0.00752536
histogram_v1,random,2424,2424,0.00759453
histogram_v1,random,2425,2425,0.00768141
histogram_v1,random,2488,2488,0.00764285
histogram_v1,random,2489,2489,0.00837386
histogram_v1,random,2552,2552,0.00878223
histogram_v1,random,2553,2553,0.00838364
histogram_v1,random,2616,2616,0.00885253
histogram_v1,random,2617,2617,0.00918763
histogram_v1,random,2680,2680,0.0097008
histogram_v1,random,2681,2681,0.00946269
histogram_v1,random,2744,2744,0.0101581
histogram_v1,random,2745,2745,0.00931641
histogram_v1,random,2808,2808,0.0102467
histogram_v1,random,2809,2809,0.0103359
histogram_v1,random,2872,2872,0.0111096
histogram_v1,random,2873,2873,0.0110825
histogram_v1,random,2936,2936,0.0114293
histogram_v1,random,2937,2937,0.0110981
histogram_v1,random,3000,3000,0.0113541
histogram_v1,random,3001,3001,0.0120473
histogram_v1,random,3064,3064,0.0125424
histogram_v1,random,3065,3065,0.0122832
histogram_v1,random,3128,3128,0.0121778
histogram_v1,random,3129,3129,0.0131034
histogram_v1,random,3192,3192,0.0133731
histogram_v1,random,3193,3193,0.0134312
histogram_v1,random,3256,3256,0.0143005
histogram_v1,random,3257,3257,0.0142247
histogram_v1,random,3320,3320,0.0137081
histogram_v1,random,3321,3321,0.0140289
histogram_v1,random,3384,3384,0.0153651
histogram_v1,random,3385,3385,0.0153513
histogram_v1,random,3448,3448,0.0147793
histogram_v1,random,3449,3449,0.0158827
histogram_v1,random,3512,3512,0.0158102
histogram_v1,random,3513,3513,0.016347
histogram_v1,random,3576,3576,0.0167222
histogram_v1,random,3577,3577,0.0171155
histogram_v1,random,3640,3640,0.0172503
histogram_v1,random,3641,3641,0.0176865
histogram_v1,random,3704,3704,0.0179913
histogram_v1,random,3705,3705,0.0183577
histogram_v1,random,3768,3768,0.0186831
histogram_v1,random,3769,3769,0.0189416
histogram_v1,random,3832,3832,0.0196535
histogram_v1,random,3833,3833,0.0196491
histogram_v1,random,3896,3896,0.0195997
histogram_v1,random,3897,3897,0.0196035
histogram_v1,random,3960,3960,0.0209591
histogram_v1,random,3961,3961,0.020946
histogram_v1,random,4024,4024,0.0209031
histogram_v1,random,4025,4025,0.0203789
histogram_v1,random,4088,4088,0.0207129
histogram_v1,random,4089,4089,0.021765
histogram_v1,random,32,32,0.00012094
histogram_v1,random,33,33,0.000103934
histogram_v1,random,128,128,0.000137257
histogram_v1,random,129,129,0.000145951
histogram_v1,random,256,256,0.000198438
histogram_v1,random,257,257,0.000202956
histogram_v1,random,512,512,0.000476757
histogram_v1,random,513,513,0.000464121
histogram_v1,random,1024,1024,0.00159267
histogram_v1,random,1025,1025,0.000900662
histogram_v1,random,2048,2048,0.00540453
histogram_v1,random,2049,2049,0.00526268
histogram_v1,random,4096,4096,0.0224173
histogram_v1,random,4097,4097,0.0212222
histogram_v2_1_localTBhist_strided,random,56,56,0.000116123
histogram_v2_1_localTBhist_strided,random,57,57,0.00010531
histogram_v2_1_localTBhist_strided,random,120,120,0.000147111
histogram_v2_1_localTBhist_strided,random,121,121,0.000121984
histogram_v2_1_localTBhist_strided,random,184,184,0.00014118
histogram_v2_1_localTBhist_strided,random,185,185,0.00012272
histogram_v2_1_localTBhist_strided,random,248,248,0.000123168
histogram_v2_1_localTBhist_strided,random,249,249,0.000132412
histogram_v2_1_localTBhist_strided,random,312,312,0.000126714
histogram_v2_1_localTBhist_strided,random,313,313,0.000132513
histogram_v2_1_localTBhist_strided,random,376,376,0.000129634
histogram_v2_1_localTBhist_strided,random,377,377,0.000135916
histogram_v2_1_localTBhist_strided,random,440,440,0.000131815
histogram_v2_1_localTBhist_strided,random,441,441,0.000145241
histogram_v2_1_localTBhist_strided,random,504,504,0.000135252
histogram_v2_1_localTBhist_strided,random,505,505,0.000152162
histogram_v2_1_localTBhist_strided,random,568,568,0.000151613
histogram_v2_1_localTBhist_strided,random,569,569,0.000171524
histogram_v2_1_localTBhist_strided,random,632,632,0.000152159
histogram_v2_1_localTBhist_strided,random,633,633,0.000185472
histogram_v2_1_localTBhist_strided,random,696,696,0.000156885
histogram_v2_1_localTBhist_strided,random,697,697,0.000219516
histogram_v2_1_localTBhist_strided,random,760,760,0.00017395
histogram_v2_1_localTBhist_strided,random,761,761,0.000225008
histogram_v2_1_localTBhist_strided,random,824,824,0.00021289
histogram_v2_1_localTBhist_strided,random,825,825,0.000215335
histogram_v2_1_localTBhist_strided,random,888,888,0.000188511
histogram_v2_1_localTBhist_strided,random,889,889,0.000236815
histogram_v2_1_localTBhist_strided,random,952,952,0.00027141
histogram_v2_1_localTBhist_strided,random,953,953,0.00026376
histogram_v2_1_localTBhist_strided,random,1016,1016,0.000300673
histogram_v2_1_localTBhist_strided,random,1017,1017,0.000300203
histogram_v2_1_localTBhist_strided,random,1080,1080,0.000405069
histogram_v2_1_localTBhist_strided,random,1081,1081,0.000410527
histogram_v2_1_localTBhist_strided,random,1144,1144,0.000404405
histogram_v2_1_localTBhist_strided,random,1145,1145,0.000406063
histogram_v2_1_localTBhist_strided,random,1208,1208,0.00044048
histogram_v2_1_localTBhist_strided,random,1209,1209,0.000449895
histogram_v2_1_localTBhist_strided,random,1272,1272,0.000442205
histogram_v2_1_localTBhist_strided,random,1273,1273,0.000455103
histogram_v2_1_localTBhist_strided,random,1336,1336,0.000501594
histogram_v2_1_localTBhist_strided,random,1337,1337,0.000485006
histogram_v2_1_localTBhist_strided,random,1400,1400,0.000565119
histogram_v2_1_localTBhist_strided,random,1401,1401,0.000580193
histogram_v2_1_localTBhist_strided,random,1464,1464,0.000636964
histogram_v2_1_localTBhist_strided,random,1465,1465,0.00063885
histogram_v2_1_localTBhist_strided,random,1528,1528,0.000669922
histogram_v2_1_localTBhist_strided,random,1529,1529,0.000645399
histogram_v2_1_localTBhist_strided,random,1592,1592,0.000642197
histogram_v2_1_localTBhist_strided,random,1593,1593,0.000666392
histogram_v2_1_localTBhist_strided,random,1656,1656,0.000695624
histogram_v2_1_localTBhist_strided,random,1657,1657,0.000729765
histogram_v2_1_localTBhist_strided,random,1720,1720,0.000797439
histogram_v2_1_localTBhist_strided,random,1721,1721,0.000807683
histogram_v2_1_localTBhist_strided,random,1784,1784,0.000864028
histogram_v2_1_localTBhist_strided,random,1785,1785,0.00086963
histogram_v2_1_localTBhist_strided,random,1848,1848,0.000870864
histogram_v2_1_localTBhist_strided,random,1849,1849,0.00088541
histogram_v2_1_localTBhist_strided,random,1912,1912,0.000915522
histogram_v2_1_localTBhist_strided,random,1913,1913,0.000910026
histogram_v2_1_localTBhist_strided,random,1976,1976,0.000976691
histogram_v2_1_localTBhist_strided,random,1977,1977,0.000947427
histogram_v2_1_localTBhist_strided,random,2040,2040,0.00105094
histogram_v2_1_localTBhist_strided,random,2041,2041,0.001063
histogram_v2_1_localTBhist_strided,random,2104,2104,0.0011176
histogram_v2_1_localTBhist_strided,random,2105,2105,0.00105207
histogram_v2_1_localTBhist_strided,random,2168,2168,0.00113083
histogram_v2_1_localTBhist_strided,random,2169,2169,0.00110444
histogram_v2_1_localTBhist_strided,random,2232,2232,0.00122455
histogram_v2_1_localTBhist_strided,random,2233,2233,0.00122092
histogram_v2_1_localTBhist_strided,random,2296,2296,0.00132415
histogram_v2_1_localTBhist_strided,random,2297,2297,0.00132161
histogram_v2_1_localTBhist_strided,random,2360,2360,0.00134175
histogram_v2_1_localTBhist_strided,random,2361,2361,0.00134878
histogram_v2_1_localTBhist_strided,random,2424,2424,0.0013248
histogram_v2_1_localTBhist_strided,random,2425,2425,0.00131517
histogram_v2_1_localTBhist_strided,random,2488,2488,0.00150108
histogram_v2_1_localTBhist_strided,random,2489,2489,0.00139067
histogram_v2_1_localTBhist_strided,random,2552,2552,0.00155085
histogram_v2_1_localTBhist_strided,random,2553,2553,0.00154683
histogram_v2_1_localTBhist_strided,random,2616,2616,0.00157348
histogram_v2_1_localTBhist_strided,random,2617,2617,0.00155
histogram_v2_1_localTBhist_strided,random,2680,2680,0.00166898
histogram_v2_1_localTBhist_strided,random,2681,2681,0.00168138
histogram_v2_1_localTBhist_strided,random,2744,2744,0.00176725
histogram_v2_1_localTBhist_strided,random,2745,2745,0.00179073
histogram_v2_1_localTBhist_strided,random,2808,2808,0.0018182
histogram_v2_1_localTBhist_strided,random,2809,2809,0.00181652
histogram_v2_1_localTBhist_strided,random,2872,2872,0.00169189
histogram_v2_1_localTBhist_strided,random,2873,2873,0.00187954
histogram_v2_1_localTBhist_strided,random,2936,2936,0.00199962
histogram_v2_1_localTBhist_strided,random,2937,2937,0.00192102
histogram_v2_1_localTBhist_strided,random,3000,3000,0.00201675
histogram_v2_1_localTBhist_strided,random,3001,3001,0.00201047
histogram_v2_1_localTBhist_strided,random,3064,3064,0.00212252
histogram_v2_1_localTBhist_strided,random,3065,3065,0.00211132
histogram_v2_1_localTBhist_strided,random,3128,3128,0.00220197
histogram_v2_1_localTBhist_strided,random,3129,3129,0.00223407
histogram_v2_1_localTBhist_strided,random,3192,3192,0.00219264
histogram_v2_1_localTBhist_strided,random,3193,3193,0.00231905
histogram_v2_1_localTBhist_strided,random,3256,3256,0.0022993
histogram_v2_1_localTBhist_strided,random,3257,3257,0.00242437
histogram_v2_1_localTBhist_strided,random,3320,3320,0.0024911
histogram_v2_1_localTBhist_strided,random,3321,3321,0.00247115
histogram_v2_1_localTBhist_strided,random,3384,3384,0.00263364
histogram_v2_1_localTBhist_strided,random,3385,3385,0.00262893
histogram_v2_1_localTBhist_strided,random,3448,3448,0.00260933
histogram_v2_1_localTBhist_strided,random,3449,3449,0.00250785
histogram_v2_1_localTBhist_strided,random,3512,3512,0.00269138
histogram_v2_1_localTBhist_strided,random,3513,3513,0.00274663
histogram_v2_1_localTBhist_strided,random,3576,3576,0.00278805
histogram_v2_1_localTBhist_strided,random,3577,3577,0.00271238
histogram_v2_1_localTBhist_strided,random,3640,3640,0.00296934
histogram_v2_1_localTBhist_strided,random,3641,3641,0.00297825
histogram_v2_1_localTBhist_strided,random,3704,3704,0.00302138
histogram_v2_1_localTBhist_strided,random,3705,3705,0.00312285
histogram_v2_1_localTBhist_strided,random,3768,3768,0.00317312
histogram_v2_1_localTBhist_strided,random,3769,3769,0.00304744
histogram_v2_1_localTBhist_strided,random,3832,3832,0.00325306
histogram_v2_1_localTBhist_strided,random,3833,3833,0.00332759
histogram_v2_1_localTBhist_strided,random,3896,3896,0.00326272
histogram_v2_1_localTBhist_strided,random,3897,3897,0.00314552
histogram_v2_1_localTBhist_strided,random,3960,3960,0.00354526
histogram_v2_1_localTBhist_strided,random,3961,3961,0.00334316
histogram_v2_1_localTBhist_strided,random,4024,4024,0.00359438
histogram_v2_1_localTBhist_strided,random,4025,4025,0.00354324
histogram_v2_1_localTBhist_strided,random,4088,4088,0.00368425
histogram_v2_1_localTBhist_strided,random,4089,4089,0.00374215
histogram_v2_1_localTBhist_strided,random,32,32,0.000111964
histogram_v2_1_localTBhist_strided,random,33,33,0.000116694
histogram_v2_1_localTBhist_strided,random,128,128,0.000122926
histogram_v2_1_localTBhist_strided,random,129,129,0.000129645
histogram_v2_1_localTBhist_strided,random,256,256,0.000103194
histogram_v2_1_localTBhist_strided,random,257,257,0.000123224
histogram_v2_1_localTBhist_strided,random,512,512,0.000184251
histogram_v2_1_localTBhist_strided,random,513,513,0.000149305
histogram_v2_1_localTBhist_strided,random,1024,1024,0.000377293
histogram_v2_1_localTBhist_strided,random,1025,1025,0.000300714
histogram_v2_1_localTBhist_strided,random,2048,2048,0.00107351
histogram_v2_1_localTBhist_strided,random,2049,2049,0.00108736
histogram_v2_1_localTBhist_strided,random,4096,4096,0.00377493
histogram_v2_1_localTBhist_strided,random,4097,4097,0.00371139
histogram_v2_1_localTBhist_strided,random,56,56,0.000115956
histogram_v2_1_localTBhist_strided,random,57,57,0.000117595
histogram_v2_1_localTBhist_strided,random,120,120,0.000106532
histogram_v2_1_localTBhist_strided,random,121,121,0.000113085
histogram_v2_1_localTBhist_strided,random,184,184,0.000123807
histogram_v2_1_localTBhist_strided,random,185,185,0.000118866
histogram_v2_1_localTBhist_strided,random,248,248,0.000126907
histogram_v2_1_localTBhist_strided,random,249,249,0.000136778
histogram_v2_1_localTBhist_strided,random,312,312,0.000124228
histogram_v2_1_localTBhist_strided,random,313,313,0.000124671
histogram_v2_1_localTBhist_strided,random,376,376,0.000132778
histogram_v2_1_localTBhist_strided,random,377,377,0.000130569
histogram_v2_1_localTBhist_strided,random,440,440,0.000126994
histogram_v2_1_localTBhist_strided,random,441,441,0.000137705
histogram_v2_1_localTBhist_strided,random,504,504,0.000140017
histogram_v2_1_localTBhist_strided,random,505,505,0.000152485
histogram_v2_1_localTBhist_strided,random,568,568,0.000150698
histogram_v2_1_localTBhist_strided,random,569,569,0.000197638
histogram_v2_1_localTBhist_strided,random,632,632,0.000156036
histogram_v2_1_localTBhist_strided,random,633,633,0.000194283
histogram_v2_1_localTBhist_strided,random,696,696,0.00016938
histogram_v2_1_localTBhist_strided,random,697,697,0.000203823
histogram_v2_1_localTBhist_strided,random,760,760,0.00015465
histogram_v2_1_localTBhist_strided,random,761,761,0.000233001
histogram_v2_1_localTBhist_strided,random,824,824,0.000197837
histogram_v2_1_localTBhist_strided,random,825,825,0.000202403
histogram_v2_1_localTBhist_strided,random,888,888,0.000236211
histogram_v2_1_localTBhist_strided,random,889,889,0.00023386
histogram_v2_1_localTBhist_strided,random,952,952,0.000229175
histogram_v2_1_localTBhist_strided,random,953,953,0.000255987
histogram_v2_1_localTBhist_strided,random,1016,1016,0.00025834
histogram_v2_1_localTBhist_strided,random,1017,1017,0.000290859
histogram_v2_1_localTBhist_strided,random,1080,1080,0.000423173
histogram_v2_1_localTBhist_strided,random,1081,1081,0.000428374
histogram_v2_1_localTBhist_strided,random,1144,1144,0.000427707
histogram_v2_1_localTBhist_strided,random,1145,1145,0.000430833
histogram_v2_1_localTBhist_strided,random,1208,1208,0.000419355
histogram_v2_1_localTBhist_strided,random,1209,1209,0.000460188
histogram_v2_1_localTBhist_strided,random,1272,1272,0.000451232
histogram_v2_1_localTBhist_strided,random,1273,1273,0.000473843
histogram_v2_1_localTBhist_strided,random,1336,1336,0.000502868
histogram_v2_1_localTBhist_strided,random,1337,1337,0.000513983
histogram_v2_1_localTBhist_strided,random,1400,1400,0.000570391
histogram_v2_1_localTBhist_strided,random,1401,1401,0.000578901
histogram_v2_1_localTBhist_strided,random,1464,1464,0.000632329
histogram_v2_1_localTBhist_strided,random,1465,1465,0.000603686
histogram_v2_1_localTBhist_strided,random,1528,1528,0.000593491
histogram_v2_1_localTBhist_strided,random,1529,1529,0.000655353
histogram_v2_1_localTBhist_strided,random,1592,1592,0.000641327
histogram_v2_1_localTBhist_strided,random,1593,1593,0.00066292
histogram_v2_1_localTBhist_strided,random,1656,1656,0.000706275
histogram_v2_1_localTBhist_strided,random,1657,1657,0.000654891
histogram_v2_1_localTBhist_strided,random,1720,1720,0.000796798
histogram_v2_1_localTBhist_strided,random,1721,1721,0.000806418
histogram_v2_1_localTBhist_strided,random,1784,1784,0.000839652
histogram_v2_1_localTBhist_strided,random,1785,1785,0.000860748
histogram_v2_1_localTBhist_strided,random,1848,1848,0.000860306
histogram_v2_1_localTBhist_strided,random,1849,1849,0.000898423
histogram_v2_1_localTBhist_strided,random,1912,1912,0.000917274
histogram_v2_1_localTBhist_strided,random,1913,1913,0.000913568
histogram_v2_1_localTBhist_strided,random,1976,1976,0.000945397
histogram_v2_1_localTBhist_strided,random,1977,1977,0.000948729
histogram_v2_1_localTBhist_strided,random,2040,2040,0.0010381
histogram_v2_1_localTBhist_strided,random,2041,2041,0.00106893
histogram_v2_1_localTBhist_strided,random,2104,2104,0.00110447
histogram_v2_1_localTBhist_strided,random,2105,2105,0.00109778
histogram_v2_1_localTBhist_strided,random,2168,2168,0.00113582
histogram_v2_1_localTBhist_strided,random,2169,2169,0.0011356
histogram_v2_1_localTBhist_strided,random,2232,2232,0.00123128
histogram_v2_1_localTBhist_strided,random,2233,2233,0.00119492
histogram_v2_1_localTBhist_strided,random,2296,2296,0.00132221
histogram_v2_1_localTBhist_strided,random,2297,2297,0.0012914
histogram_v2_1_localTBhist_strided,random,2360,2360,0.00121938
histogram_v2_1_localTBhist_strided,random,2361,2361,0.00134733
histogram_v2_1_localTBhist_strided,random,2424,2424,0.00131548
histogram_v2_1_localTBhist_strided,random,2425,2425,0.00136464
histogram_v2_1_localTBhist_strided,random,2488,2488,0.00150992
histogram_v2_1_localTBhist_strided,random,2489,2489,0.00138585
histogram_v2_1_localTBhist_strided,random,2552,2552,0.0015608
histogram_v2_1_localTBhist_strided,random,2553,2553,0.00156438
histogram_v2_1_localTBhist_strided,random,2616,2616,0.00157037
histogram_v2_1_localTBhist_strided,random,2617,2617,0.00154756
histogram_v2_1_localTBhist_strided,random,2680,2680,0.00170146
histogram_v2_1_localTBhist_strided,random,2681,2681,0.00170974
histogram_v2_1_localTBhist_strided,random,2744,2744,0.00176715
histogram_v2_1_localTBhist_strided,random,2745,2745,0.00177915
histogram_v2_1_localTBhist_strided,random,2808,2808,0.0016592
histogram_v2_1_localTBhist_strided,random,2809,2809,0.00184639
histogram_v2_1_localTBhist_strided,random,2872,2872,0.0018753
histogram_v2_1_localTBhist_strided,random,2873,2873,0.00194744
histogram_v2_1_localTBhist_strided,random,2936,2936,0.0020003
histogram_v2_1_localTBhist_strided,random,2937,2937,0.00194825
histogram_v2_1_localTBhist_strided,random,3000,3000,0.00201352
histogram_v2_1_localTBhist_strided,random,3001,3001,0.00198568
histogram_v2_1_localTBhist_strided,random,3064,3064,0.00217329
histogram_v2_1_localTBhist_strided,random,3065,3065,0.00219649
histogram_v2_1_localTBhist_strided,random,3128,3128,0.00217443
histogram_v2_1_localTBhist_strided,random,3129,3129,0.00217931
histogram_v2_1_localTBhist_strided,random,3192,3192,0.00229227
histogram_v2_1_localTBhist_strided,random,3193,3193,0.00228674
histogram_v2_1_localTBhist_strided,random,3256,3256,0.0024532
histogram_v2_1_localTBhist_strided,random,3257,3257,0.0024478
histogram_v2_1_localTBhist_strided,random,3320,3320,0.00244675
histogram_v2_1_localTBhist_strided,random,3321,3321,0.00222244
histogram_v2_1_localTBhist_strided,random,3384,3384,0.00253451
histogram_v2_1_localTBhist_strided,random,3385,3385,0.00260187
histogram_v2_1_localTBhist_strided,random,3448,3448,0.00268367
histogram_v2_1_localTBhist_strided,random,3449,3449,0.00264052
histogram_v2_1_localTBhist_strided,random,3512,3512,0.00264798
histogram_v2_1_localTBhist_strided,random,3513,3513,0.00278544
histogram_v2_1_localTBhist_strided,random,3576,3576,0.00280978
histogram_v2_1_localTBhist_strided,random,3577,3577,0.00290287
histogram_v2_1_localTBhist_strided,random,3640,3640,0.00286643
histogram_v2_1_localTBhist_strided,random,3641,3641,0.00291804
histogram_v2_1_localTBhist_strided,random,3704,3704,0.0027702
histogram_v2_1_localTBhist_strided,random,3705,3705,0.00310731
histogram_v2_1_localTBhist_strided,random,3768,3768,0.00317948
histogram_v2_1_localTBhist_strided,random,3769,3769,0.00316046
histogram_v2_1_localTBhist_strided,random,3832,3832,0.0033482
histogram_v2_1_localTBhist_strided,random,3833,3833,0.00332889
histogram_v2_1_localTBhist_strided,random,3896,3896,0.00338614
histogram_v2_1_localTBhist_strided,random,3897,3897,0.0032054
histogram_v2_1_localTBhist_strided,random,3960,3960,0.00354607
histogram_v2_1_localTBhist_strided,random,3961,3961,0.00352211
histogram_v2_1_localTBhist_strided,random,4024,4024,0.00334298
histogram_v2_1_localTBhist_strided,random,4025,4025,0.00345365
histogram_v2_1_localTBhist_strided,random,4088,4088,0.00376316
histogram_v2_1_localTBhist_strided,random,4089,4089,0.00368172
histogram_v2_1_localTBhist_strided,random,32,32,0.0001152
histogram_v2_1_localTBhist_strided,random,33,33,0.000130776
histogram_v2_1_localTBhist_strided,random,128,128,0.000102301
histogram_v2_1_localTBhist_strided,random,129,129,0.00013144
histogram_v2_1_localTBhist_strided,random,256,256,0.000116845
histogram_v2_1_localTBhist_strided,random,257,257,0.000130688
histogram_v2_1_localTBhist_strided,random,512,512,0.000166687
histogram_v2_1_localTBhist_strided,random,513,513,0.000159301
histogram_v2_1_localTBhist_strided,random,1024,1024,0.000415298
histogram_v2_1_localTBhist_strided,random,1025,1025,0.000315045
histogram_v2_1_localTBhist_strided,random,2048,2048,0.00109422
histogram_v2_1_localTBhist_strided,random,2049,2049,0.00108592
histogram_v2_1_localTBhist_strided,random,4096,4096,0.00370148
histogram_v2_1_localTBhist_strided,random,4097,4097,0.00308248
histogram_v2_1_localTBhist_strided,random,56,56,0.00011483
histogram_v2_1_localTBhist_strided,random,57,57,0.000127167
histogram_v2_1_localTBhist_strided,random,120,120,0.000117241
histogram_v2_1_localTBhist_strided,random,121,121,0.000111992
histogram_v2_1_localTBhist_strided,random,184,184,0.00011678
histogram_v2_1_localTBhist_strided,random,185,185,0.00012456
histogram_v2_1_localTBhist_strided,random,248,248,0.000130121
histogram_v2_1_localTBhist_strided,random,249,249,0.00012717
histogram_v2_1_localTBhist_strided,random,312,312,0.00012187
histogram_v2_1_localTBhist_strided,random,313,313,0.000120651
histogram_v2_1_localTBhist_strided,random,376,376,0.000120781
histogram_v2_1_localTBhist_strided,random,377,377,0.000122333
histogram_v2_1_localTBhist_strided,random,440,440,0.000135238
histogram_v2_1_localTBhist_strided,random,441,441,0.000130442
histogram_v2_1_localTBhist_strided,random,504,504,0.000152745
histogram_v2_1_localTBhist_strided,random,505,505,0.000136858
histogram_v2_1_localTBhist_strided,random,568,568,0.000148134
histogram_v2_1_localTBhist_strided,random,569,569,0.000184527
histogram_v2_1_localTBhist_strided,random,632,632,0.000160672
histogram_v2_1_localTBhist_strided,random,633,633,0.000200795
histogram_v2_1_localTBhist_strided,random,696,696,0.00017026
histogram_v2_1_localTBhist_strided,random,697,697,0.000219873
histogram_v2_1_localTBhist_strided,random,760,760,0.000175148
histogram_v2_1_localTBhist_strided,random,761,761,0.000257956
histogram_v2_1_localTBhist_strided,random,824,824,0.000217921
histogram_v2_1_localTBhist_strided,random,825,825,0.000216406
histogram_v2_1_localTBhist_strided,random,888,888,0.000233024
histogram_v2_1_localTBhist_strided,random,889,889,0.00022454
histogram_v2_1_localTBhist_strided,random,952,952,0.000270749
histogram_v2_1_localTBhist_strided,random,953,953,0.000260081
histogram_v2_1_localTBhist_strided,random,1016,1016,0.000298423
histogram_v2_1_localTBhist_strided,random,1017,1017,0.00029932
histogram_v2_1_localTBhist_strided,random,1080,1080,0.000399119
histogram_v2_1_localTBhist_strided,random,1081,1081,0.000351479
histogram_v2_1_localTBhist_strided,random,1144,1144,0.000441748
histogram_v2_1_localTBhist_strided,random,1145,1145,0.000436906
histogram_v2_1_localTBhist_strided,random,1208,1208,0.000456841
histogram_v2_1_localTBhist_strided,random,1209,1209,0.000459446
histogram_v2_1_localTBhist_strided,random,1272,1272,0.000475059
histogram_v2_1_localTBhist_strided,random,1273,1273,0.000466341
histogram_v2_1_localTBhist_strided,random,1336,1336,0.000509134
histogram_v2_1_localTBhist_strided,random,1337,1337,0.000508574
histogram_v2_1_localTBhist_strided,random,1400,1400,0.000552117
histogram_v2_1_localTBhist_strided,random,1401,1401,0.000536044
histogram_v2_1_localTBhist_strided,random,1464,1464,0.000636389
histogram_v2_1_localTBhist_strided,random,1465,1465,0.000641293
histogram_v2_1_localTBhist_strided,random,1528,1528,0.00066251
histogram_v2_1_localTBhist_strided,random,1529,1529,0.00063581
histogram_v2_1_localTBhist_strided,random,1592,1592,0.000688663
histogram_v2_1_localTBhist_strided,random,1593,1593,0.000669615
histogram_v2_1_localTBhist_strided,random,1656,1656,0.000707339
histogram_v2_1_localTBhist_strided,random,1657,1657,0.000724463
histogram_v2_1_localTBhist_strided,random,1720,1720,0.000757545
histogram_v2_1_localTBhist_strided,random,1721,1721,0.000805758
histogram_v2_1_localTBhist_strided,random,1784,1784,0.000875737
histogram_v2_1_localTBhist_strided,random,1785,1785,0.000865095
histogram_v2_1_localTBhist_strided,random,1848,1848,0.00087841
histogram_v2_1_localTBhist_strided,random,1849,1849,0.000813181
histogram_v2_1_localTBhist_strided,random,1912,1912,0.000918192
histogram_v2_1_localTBhist_strided,random,1913,1913,0.000879159
histogram_v2_1_localTBhist_strided,random,1976,1976,0.000943951
histogram_v2_1_localTBhist_strided,random,1977,1977,0.000972618
histogram_v2_1_localTBhist_strided,random,2040,2040,0.00106938
histogram_v2_1_localTBhist_strided,random,2041,2041,0.00104354
histogram_v2_1_localTBhist_strided,random,2104,2104,0.00108551
histogram_v2_1_localTBhist_strided,random,2105,2105,0.00110272
histogram_v2_1_localTBhist_strided,random,2168,2168,0.00109054
histogram_v2_1_localTBhist_strided,random,2169,2169,0.00114351
histogram_v2_1_localTBhist_strided,random,2232,2232,0.00116827
histogram_v2_1_localTBhist_strided,random,2233,2233,0.00122203
histogram_v2_1_localTBhist_strided,random,2296,2296,0.00131819
histogram_v2_1_localTBhist_strided,random,2297,2297,0.00113935
histogram_v2_1_localTBhist_strided,random,2360,2360,0.00134682
histogram_v2_1_localTBhist_strided,random,2361,2361,0.00133466
histogram_v2_1_localTBhist_strided,random,2424,2424,0.00139338
histogram_v2_1_localTBhist_strided,random,2425,2425,0.00138573
histogram_v2_1_localTBhist_strided,random,2488,2488,0.00148269
histogram_v2_1_localTBhist_strided,random,2489,2489,0.00143776
histogram_v2_1_localTBhist_strided,random,2552,2552,0.00155164
histogram_v2_1_localTBhist_strided,random,2553,2553,0.00155016
histogram_v2_1_localTBhist_strided,random,2616,2616,0.00137962
histogram_v2_1_localTBhist_strided,random,2617,2617,0.00160409
histogram_v2_1_localTBhist_strided,random,2680,2680,0.00161905
histogram_v2_1_localTBhist_strided,random,2681,2681,0.00166156
histogram_v2_1_localTBhist_strided,random,2744,2744,0.00173397
histogram_v2_1_localTBhist_strided,random,2745,2745,0.00170556
histogram_v2_1_localTBhist_strided,random,2808,2808,0.00176668
histogram_v2_1_localTBhist_strided,random,2809,2809,0.00182153
histogram_v2_1_localTBhist_strided,random,2872,2872,0.00188328
histogram_v2_1_localTBhist_strided,random,2873,2873,0.00192668
histogram_v2_1_localTBhist_strided,random,2936,2936,0.0019147
histogram_v2_1_localTBhist_strided,random,2937,2937,0.00199522
histogram_v2_1_localTBhist_strided,random,3000,3000,0.00207868
histogram_v2_1_localTBhist_strided,random,3001,3001,0.00196691
histogram_v2_1_localTBhist_strided,random,3064,3064,0.00208646
histogram_v2_1_localTBhist_strided,random,3065,3065,0.00216395
histogram_v2_1_localTBhist_strided,random,3128,3128,0.00213321
histogram_v2_1_localTBhist_strided,random,3129,3129,0.00217617
histogram_v2_1_localTBhist_strided,random,3192,3192,0.00232997
histogram_v2_1_localTBhist_strided,random,3193,3193,0.00231687
histogram_v2_1_localTBhist_strided,random,3256,3256,0.00236612
histogram_v2_1_localTBhist_strided,random,3257,3257,0.00233467
histogram_v2_1_localTBhist_strided,random,3320,3320,0.00249614
histogram_v2_1_localTBhist_strided,random,3321,3321,0.002494
histogram_v2_1_localTBhist_strided,random,3384,3384,0.00254117
histogram_v2_1_localTBhist_strided,random,3385,3385,0.00259707
histogram_v2_1_localTBhist_strided,random,3448,3448,0.00268812
histogram_v2_1_localTBhist_strided,random,3449,3449,0.00261914
histogram_v2_1_localTBhist_strided,random,3512,3512,0.00277881
histogram_v2_1_localTBhist_strided,random,3513,3513,0.00278112
histogram_v2_1_localTBhist_strided,random,3576,3576,0.00282317
histogram_v2_1_localTBhist_strided,random,3577,3577,0.0027815
histogram_v2_1_localTBhist_strided,random,3640,3640,0.00296536
histogram_v2_1_localTBhist_strided,random,3641,3641,0.00284064
histogram_v2_1_localTBhist_strided,random,3704,3704,0.00312093
histogram_v2_1_localTBhist_strided,random,3705,3705,0.00221341
histogram_v2_1_localTBhist_strided,random,3768,3768,0.00298016
histogram_v2_1_localTBhist_strided,random,3769,3769,0.00302117
histogram_v2_1_localTBhist_strided,random,3832,3832,0.0031741
histogram_v2_1_localTBhist_strided,random,3833,3833,0.00333118
histogram_v2_1_localTBhist_strided,random,3896,3896,0.00339175
histogram_v2_1_localTBhist_strided,random,3897,3897,0.00335836
histogram_v2_1_localTBhist_strided,random,3960,3960,0.00333281
histogram_v2_1_localTBhist_strided,random,3961,3961,0.00354893
histogram_v2_1_localTBhist_strided,random,4024,4024,0.0035816
histogram_v2_1_localTBhist_strided,random,4025,4025,0.00361055
histogram_v2_1_localTBhist_strided,random,4088,4088,0.00376509
histogram_v2_1_localTBhist_strided,random,4089,4089,0.00375673
histogram_v2_1_localTBhist_strided,random,32,32,0.000114999
histogram_v2_1_localTBhist_strided,random,33,33,0.000113617
histogram_v2_1_localTBhist_strided,random,128,128,0.000117492
histogram_v2_1_localTBhist_strided,random,129,129,0.00011906
histogram_v2_1_localTBhist_strided,random,256,256,0.000126339
histogram_v2_1_localTBhist_strided,random,257,257,0.000130949
histogram_v2_1_localTBhist_strided,random,512,512,0.00017289
histogram_v2_1_localTBhist_strided,random,513,513,0.000171747
histogram_v2_1_localTBhist_strided,random,1024,1024,0.000414098
histogram_v2_1_localTBhist_strided,random,1025,1025,0.000301849
histogram_v2_1_localTBhist_strided,random,2048,2048,0.00109804
histogram_v2_1_localTBhist_strided,random,2049,2049,0.00108925
histogram_v2_1_localTBhist_strided,random,4096,4096,0.00366845
histogram_v2_1_localTBhist_strided,random,4097,4097,0.00374984
histogram_v2_2_warp_reduc,random,56,56,0.000127241
histogram_v2_2_warp_reduc,random,57,57,0.000119271
histogram_v2_2_warp_reduc,random,120,120,0.000118388
histogram_v2_2_warp_reduc,random,121,121,0.000127143
histogram_v2_2_warp_reduc,random,184,184,0.000117484
histogram_v2_2_warp_reduc,random,185,185,0.000126843
histogram_v2_2_warp_reduc,random,248,248,0.000123481
histogram_v2_2_warp_reduc,random,249,249,0.000135914
histogram_v2_2_warp_reduc,random,312,312,0.000129743
histogram_v2_2_warp_reduc,random,313,313,0.000135032
histogram_v2_2_warp_reduc,random,376,376,0.000137649
histogram_v2_2_warp_reduc,random,377,377,0.000133118
histogram_v2_2_warp_reduc,random,440,440,0.000150411
histogram_v2_2_warp_reduc,random,441,441,0.000135618
histogram_v2_2_warp_reduc,random,504,504,0.000160237
histogram_v2_2_warp_reduc,random,505,505,0.000147278
histogram_v2_2_warp_reduc,random,568,568,0.00015986
histogram_v2_2_warp_reduc,random,569,569,0.000189327
histogram_v2_2_warp_reduc,random,632,632,0.000146201
histogram_v2_2_warp_reduc,random,633,633,0.000197857
histogram_v2_2_warp_reduc,random,696,696,0.000165238
histogram_v2_2_warp_reduc,random,697,697,0.00022364
histogram_v2_2_warp_reduc,random,760,760,0.000190594
histogram_v2_2_warp_reduc,random,761,761,0.000246261
histogram_v2_2_warp_reduc,random,824,824,0.000211178
histogram_v2_2_warp_reduc,random,825,825,0.000197984
histogram_v2_2_warp_reduc,random,888,888,0.00022919
histogram_v2_2_warp_reduc,random,889,889,0.00023152
histogram_v2_2_warp_reduc,random,952,952,0.000274931
histogram_v2_2_warp_reduc,random,953,953,0.000264007
histogram_v2_2_warp_reduc,random,1016,1016,0.00030637
histogram_v2_2_warp_reduc,random,1017,1017,0.00028486
histogram_v2_2_warp_reduc,random,1080,1080,0.000414064
histogram_v2_2_warp_reduc,random,1081,1081,0.000422187
histogram_v2_2_warp_reduc,random,1144,1144,0.000432453
histogram_v2_2_warp_reduc,random,1145,1145,0.000426506
histogram_v2_2_warp_reduc,random,1208,1208,0.000442939
histogram_v2_2_warp_reduc,random,1209,1209,0.000442889
histogram_v2_2_warp_reduc,random,1272,1272,0.000465929
histogram_v2_2_warp_reduc,random,1273,1273,0.000468774
histogram_v2_2_warp_reduc,random,1336,1336,0.000516285
histogram_v2_2_warp_reduc,random,1337,1337,0.000516894
histogram_v2_2_warp_reduc,random,1400,1400,0.000533408
histogram_v2_2_warp_reduc,random,1401,1401,0.000589388
histogram_v2_2_warp_reduc,random,1464,1464,0.000637482
histogram_v2_2_warp_reduc,random,1465,1465,0.000590491
histogram_v2_2_warp_reduc,random,1528,1528,0.000669986
histogram_v2_2_warp_reduc,random,1529,1529,0.0006491
histogram_v2_2_warp_reduc,random,1592,1592,0.00067082
histogram_v2_2_warp_reduc,random,1593,1593,0.000689185
histogram_v2_2_warp_reduc,random,1656,1656,0.000659678
histogram_v2_2_warp_reduc,random,1657,1657,0.00067791
histogram_v2_2_warp_reduc,random,1720,1720,0.000789879
histogram_v2_2_warp_reduc,random,1721,1721,0.000792246
histogram_v2_2_warp_reduc,random,1784,1784,0.000881445
histogram_v2_2_warp_reduc,random,1785,1785,0.000878335
histogram_v2_2_warp_reduc,random,1848,1848,0.000858976
histogram_v2_2_warp_reduc,random,1849,1849,0.000882098
histogram_v2_2_warp_reduc,random,1912,1912,0.000919215
histogram_v2_2_warp_reduc,random,1913,1913,0.000888288
histogram_v2_2_warp_reduc,random,1976,1976,0.000962783
histogram_v2_2_warp_reduc,random,1977,1977,0.00099352
histogram_v2_2_warp_reduc,random,2040,2040,0.00106691
histogram_v2_2_warp_reduc,random,2041,2041,0.00103509
histogram_v2_2_warp_reduc,random,2104,2104,0.00108771
histogram_v2_2_warp_reduc,random,2105,2105,0.00110561
histogram_v2_2_warp_reduc,random,2168,2168,0.00112822
histogram_v2_2_warp_reduc,random,2169,2169,0.0011378
histogram_v2_2_warp_reduc,random,2232,2232,0.00110034
histogram_v2_2_warp_reduc,random,2233,2233,0.00121839
histogram_v2_2_warp_reduc,random,2296,2296,0.00130037
histogram_v2_2_warp_reduc,random,2297,2297,0.00131958
histogram_v2_2_warp_reduc,random,2360,2360,0.00121554
histogram_v2_2_warp_reduc,random,2361,2361,0.0013036
histogram_v2_2_warp_reduc,random,2424,2424,0.00139478
histogram_v2_2_warp_reduc,random,2425,2425,0.00119827
histogram_v2_2_warp_reduc,random,2488,2488,0.00150265
histogram_v2_2_warp_reduc,random,2489,2489,0.00149768
histogram_v2_2_warp_reduc,random,2552,2552,0.00152916
histogram_v2_2_warp_reduc,random,2553,2553,0.00154326
histogram_v2_2_warp_reduc,random,2616,2616,0.001533
histogram_v2_2_warp_reduc,random,2617,2617,0.00159752
histogram_v2_2_warp_reduc,random,2680,2680,0.00169792
histogram_v2_2_warp_reduc,random,2681,2681,0.00169899
histogram_v2_2_warp_reduc,random,2744,2744,0.00177674
histogram_v2_2_warp_reduc,random,2745,2745,0.0016931
histogram_v2_2_warp_reduc,random,2808,2808,0.00180973
histogram_v2_2_warp_reduc,random,2809,2809,0.0015728
histogram_v2_2_warp_reduc,random,2872,2872,0.00193311
histogram_v2_2_warp_reduc,random,2873,2873,0.0019314
histogram_v2_2_warp_reduc,random,2936,2936,0.00198626
histogram_v2_2_warp_reduc,random,2937,2937,0.00200878
histogram_v2_2_warp_reduc,random,3000,3000,0.00198945
histogram_v2_2_warp_reduc,random,3001,3001,0.00207533
histogram_v2_2_warp_reduc,random,3064,3064,0.00219113
histogram_v2_2_warp_reduc,random,3065,3065,0.00219284
histogram_v2_2_warp_reduc,random,3128,3128,0.00223905
histogram_v2_2_warp_reduc,random,3129,3129,0.00221048
histogram_v2_2_warp_reduc,random,3192,3192,0.00232202
histogram_v2_2_warp_reduc,random,3193,3193,0.00231956
histogram_v2_2_warp_reduc,random,3256,3256,0.00244874
histogram_v2_2_warp_reduc,random,3257,3257,0.00231045
histogram_v2_2_warp_reduc,random,3320,3320,0.00249888
histogram_v2_2_warp_reduc,random,3321,3321,0.00247605
histogram_v2_2_warp_reduc,random,3384,3384,0.00256106
histogram_v2_2_warp_reduc,random,3385,3385,0.00260527
histogram_v2_2_warp_reduc,random,3448,3448,0.00247619
histogram_v2_2_warp_reduc,random,3449,3449,0.00251964
histogram_v2_2_warp_reduc,random,3512,3512,0.00278421
histogram_v2_2_warp_reduc,random,3513,3513,0.00278782
histogram_v2_2_warp_reduc,random,3576,3576,0.00249575
histogram_v2_2_warp_reduc,random,3577,3577,0.00281869
histogram_v2_2_warp_reduc,random,3640,3640,0.00296478
histogram_v2_2_warp_reduc,random,3641,3641,0.0029004
histogram_v2_2_warp_reduc,random,3704,3704,0.00309988
histogram_v2_2_warp_reduc,random,3705,3705,0.00299376
histogram_v2_2_warp_reduc,random,3768,3768,0.00307598
histogram_v2_2_warp_reduc,random,3769,3769,0.00317419
histogram_v2_2_warp_reduc,random,3832,3832,0.00333882
histogram_v2_2_warp_reduc,random,3833,3833,0.00334333
histogram_v2_2_warp_reduc,random,3896,3896,0.00335056
histogram_v2_2_warp_reduc,random,3897,3897,0.00339149
histogram_v2_2_warp_reduc,random,3960,3960,0.00354434
histogram_v2_2_warp_reduc,random,3961,3961,0.00350559
histogram_v2_2_warp_reduc,random,4024,4024,0.0036172
histogram_v2_2_warp_reduc,random,4025,4025,0.00353118
histogram_v2_2_warp_reduc,random,4088,4088,0.00374081
histogram_v2_2_warp_reduc,random,4089,4089,0.00262085
histogram_v2_2_warp_reduc,random,32,32,0.000108641
histogram_v2_2_warp_reduc,random,33,33,0.000110847
histogram_v2_2_warp_reduc,random,128,128,0.000120175
histogram_v2_2_warp_reduc,random,129,129,0.00011816
histogram_v2_2_warp_reduc,random,256,256,0.000120993
histogram_v2_2_warp_reduc,random,257,257,0.0001352
histogram_v2_2_warp_reduc,random,512,512,0.000168443
histogram_v2_2_warp_reduc,random,513,513,0.000175564
histogram_v2_2_warp_reduc,random,1024,1024,0.000393785
histogram_v2_2_warp_reduc,random,1025,1025,0.000300758
histogram_v2_2_warp_reduc,random,2048,2048,0.00109663
histogram_v2_2_warp_reduc,random,2049,2049,0.000998773
histogram_v2_2_warp_reduc,random,4096,4096,0.00379441
histogram_v2_2_warp_reduc,random,4097,4097,0.00378527
histogram_v2_2_warp_reduc,random,56,56,0.000119951
histogram_v2_2_warp_reduc,random,57,57,0.000118104
histogram_v2_2_warp_reduc,random,120,120,0.00012981
histogram_v2_2_warp_reduc,random,121,121,0.0001192
histogram_v2_2_warp_reduc,random,184,184,0.00012606
histogram_v2_2_warp_reduc,random,185,185,0.000118743
histogram_v2_2_warp_reduc,random,248,248,0.000125072
histogram_v2_2_warp_reduc,random,249,249,0.000128133
histogram_v2_2_warp_reduc,random,312,312,0.000132203
histogram_v2_2_warp_reduc,random,313,313,0.000121993
histogram_v2_2_warp_reduc,random,376,376,0.000138913
histogram_v2_2_warp_reduc,random,377,377,0.000127025
histogram_v2_2_warp_reduc,random,440,440,0.000141649
histogram_v2_2_warp_reduc,random,441,441,0.000140961
histogram_v2_2_warp_reduc,random,504,504,0.000130521
histogram_v2_2_warp_reduc,random,505,505,0.000130904
histogram_v2_2_warp_reduc,random,568,568,0.000155727
histogram_v2_2_warp_reduc,random,569,569,0.000184798
histogram_v2_2_warp_reduc,random,632,632,0.000154885
histogram_v2_2_warp_reduc,random,633,633,0.000201472
histogram_v2_2_warp_reduc,random,696,696,0.000172329
histogram_v2_2_warp_reduc,random,697,697,0.000131857
histogram_v2_2_warp_reduc,random,760,760,0.000199747
histogram_v2_2_warp_reduc,random,761,761,0.00024451
histogram_v2_2_warp_reduc,random,824,824,0.000208454
histogram_v2_2_warp_reduc,random,825,825,0.000211278
histogram_v2_2_warp_reduc,random,888,888,0.000233566
histogram_v2_2_warp_reduc,random,889,889,0.000230631
histogram_v2_2_warp_reduc,random,952,952,0.000253922
histogram_v2_2_warp_reduc,random,953,953,0.000271059
histogram_v2_2_warp_reduc,random,1016,1016,0.000305876
histogram_v2_2_warp_reduc,random,1017,1017,0.000291729
histogram_v2_2_warp_reduc,random,1080,1080,0.000421381
histogram_v2_2_warp_reduc,random,1081,1081,0.00042013
histogram_v2_2_warp_reduc,random,1144,1144,0.000421934
histogram_v2_2_warp_reduc,random,1145,1145,0.000419584
histogram_v2_2_warp_reduc,random,1208,1208,0.00044059
histogram_v2_2_warp_reduc,random,1209,1209,0.000451169
histogram_v2_2_warp_reduc,random,1272,1272,0.000470517
histogram_v2_2_warp_reduc,random,1273,1273,0.000463749
histogram_v2_2_warp_reduc,random,1336,1336,0.000519469
histogram_v2_2_warp_reduc,random,1337,1337,0.000501597
histogram_v2_2_warp_reduc,random,1400,1400,0.000587145
histogram_v2_2_warp_reduc,random,1401,1401,0.000564895
histogram_v2_2_warp_reduc,random,1464,1464,0.000635065
histogram_v2_2_warp_reduc,random,1465,1465,0.000631145
histogram_v2_2_warp_reduc,random,1528,1528,0.000587121
histogram_v2_2_warp_reduc,random,1529,1529,0.000614073
histogram_v2_2_warp_reduc,random,1592,1592,0.000695999
histogram_v2_2_warp_reduc,random,1593,1593,0.000647681
histogram_v2_2_warp_reduc,random,1656,1656,0.000688882
histogram_v2_2_warp_reduc,random,1657,1657,0.000709383
histogram_v2_2_warp_reduc,random,1720,1720,0.00078983
histogram_v2_2_warp_reduc,random,1721,1721,0.000744494
histogram_v2_2_warp_reduc,random,1784,1784,0.000826628
histogram_v2_2_warp_reduc,random,1785,1785,0.000784753
histogram_v2_2_warp_reduc,random,1848,1848,0.000887975
histogram_v2_2_warp_reduc,random,1849,1849,0.000849862
histogram_v2_2_warp_reduc,random,1912,1912,0.000871435
histogram_v2_2_warp_reduc,random,1913,1913,0.00091367
histogram_v2_2_warp_reduc,random,1976,1976,0.000978534
histogram_v2_2_warp_reduc,random,1977,1977,0.000822938
histogram_v2_2_warp_reduc,random,2040,2040,0.00104911
histogram_v2_2_warp_reduc,random,2041,2041,0.00108815
histogram_v2_2_warp_reduc,random,2104,2104,0.00134881
histogram_v2_2_warp_reduc,random,2105,2105,0.00110492
histogram_v2_2_warp_reduc,random,2168,2168,0.00110937
histogram_v2_2_warp_reduc,random,2169,2169,0.00110629
histogram_v2_2_warp_reduc,random,2232,2232,0.0012154
histogram_v2_2_warp_reduc,random,2233,2233,0.00121194
histogram_v2_2_warp_reduc,random,2296,2296,0.00132823
histogram_v2_2_warp_reduc,random,2297,2297,0.00124027
histogram_v2_2_warp_reduc,random,2360,2360,0.00132837
histogram_v2_2_warp_reduc,random,2361,2361,0.00135394
histogram_v2_2_warp_reduc,random,2424,2424,0.00132696
histogram_v2_2_warp_reduc,random,2425,2425,0.001396
histogram_v2_2_warp_reduc,random,2488,2488,0.00145847
histogram_v2_2_warp_reduc,random,2489,2489,0.00150267
histogram_v2_2_warp_reduc,random,2552,2552,0.00155367
histogram_v2_2_warp_reduc,random,2553,2553,0.00153668
histogram_v2_2_warp_reduc,random,2616,2616,0.00153715
histogram_v2_2_warp_reduc,random,2617,2617,0.00147125
histogram_v2_2_warp_reduc,random,2680,2680,0.00169036
histogram_v2_2_warp_reduc,random,2681,2681,0.00153379
histogram_v2_2_warp_reduc,random,2744,2744,0.00176097
histogram_v2_2_warp_reduc,random,2745,2745,0.00171851
histogram_v2_2_warp_reduc,random,2808,2808,0.00151936
histogram_v2_2_warp_reduc,random,2809,2809,0.00181673
histogram_v2_2_warp_reduc,random,2872,2872,0.00175931
histogram_v2_2_warp_reduc,random,2873,2873,0.00194335
histogram_v2_2_warp_reduc,random,2936,2936,0.00183003
histogram_v2_2_warp_reduc,random,2937,2937,0.00198511
histogram_v2_2_warp_reduc,random,3000,3000,0.00193007
histogram_v2_2_warp_reduc,random,3001,3001,0.00186366
histogram_v2_2_warp_reduc,random,3064,3064,0.00208071
histogram_v2_2_warp_reduc,random,3065,3065,0.00206482
histogram_v2_2_warp_reduc,random,3128,3128,0.00201437
histogram_v2_2_warp_reduc,random,3129,3129,0.00212307
histogram_v2_2_warp_reduc,random,3192,3192,0.00232659
histogram_v2_2_warp_reduc,random,3193,3193,0.00228773
histogram_v2_2_warp_reduc,random,3256,3256,0.00235694
histogram_v2_2_warp_reduc,random,3257,3257,0.00210763
histogram_v2_2_warp_reduc,random,3320,3320,0.00222074
histogram_v2_2_warp_reduc,random,3321,3321,0.00249719
histogram_v2_2_warp_reduc,random,3384,3384,0.0026345
histogram_v2_2_warp_reduc,random,3385,3385,0.00262017
histogram_v2_2_warp_reduc,random,3448,3448,0.00267074
histogram_v2_2_warp_reduc,random,3449,3449,0.00247997
histogram_v2_2_warp_reduc,random,3512,3512,0.0025495
histogram_v2_2_warp_reduc,random,3513,3513,0.00276372
histogram_v2_2_warp_reduc,random,3576,3576,0.00287997
histogram_v2_2_warp_reduc,random,3577,3577,0.00266953
histogram_v2_2_warp_reduc,random,3640,3640,0.00294662
histogram_v2_2_warp_reduc,random,3641,3641,0.00283391
histogram_v2_2_warp_reduc,random,3704,3704,0.00310983
histogram_v2_2_warp_reduc,random,3705,3705,0.00311041
histogram_v2_2_warp_reduc,random,3768,3768,0.00318481
histogram_v2_2_warp_reduc,random,3769,3769,0.00317508
histogram_v2_2_warp_reduc,random,3832,3832,0.00323565
histogram_v2_2_warp_reduc,random,3833,3833,0.00333853
histogram_v2_2_warp_reduc,random,3896,3896,0.00313467
histogram_v2_2_warp_reduc,random,3897,3897,0.00322535
histogram_v2_2_warp_reduc,random,3960,3960,0.00332949
histogram_v2_2_warp_reduc,random,3961,3961,0.00304137
histogram_v2_2_warp_reduc,random,4024,4024,0.00325969
histogram_v2_2_warp_reduc,random,4025,4025,0.00360557
histogram_v2_2_warp_reduc,random,4088,4088,0.00376293
histogram_v2_2_warp_reduc,random,4089,4089,0.00374271
histogram_v2_2_warp_reduc,random,32,32,0.000127343
histogram_v2_2_warp_reduc,random,33,33,0.000114611
histogram_v2_2_warp_reduc,random,128,128,0.000116408
histogram_v2_2_warp_reduc,random,129,129,0.000113866
histogram_v2_2_warp_reduc,random,256,256,0.000118056
histogram_v2_2_warp_reduc,random,257,257,0.000127897
histogram_v2_2_warp_reduc,random,512,512,0.000166765
histogram_v2_2_warp_reduc,random,513,513,0.000176449
histogram_v2_2_warp_reduc,random,1024,1024,0.000399728
histogram_v2_2_warp_reduc,random,1025,1025,0.000290184
histogram_v2_2_warp_reduc,random,2048,2048,0.000909892
histogram_v2_2_warp_reduc,random,2049,2049,0.000996418
histogram_v2_2_warp_reduc,random,4096,4096,0.0034021
histogram_v2_2_warp_reduc,random,4097,4097,0.00293653
histogram_v2_2_warp_reduc,random,56,56,0.00011157
histogram_v2_2_warp_reduc,random,57,57,0.000108011
histogram_v2_2_warp_reduc,random,120,120,0.000129343
histogram_v2_2_warp_reduc,random,121,121,0.000109769
histogram_v2_2_warp_reduc,random,184,184,0.000120608
histogram_v2_2_warp_reduc,random,185,185,0.000121637
histogram_v2_2_warp_reduc,random,248,248,0.000109738
histogram_v2_2_warp_reduc,random,249,249,0.000128324
histogram_v2_2_warp_reduc,random,312,312,0.000118972
histogram_v2_2_warp_reduc,random,313,313,0.000119313
histogram_v2_2_warp_reduc,random,376,376,0.000139174
histogram_v2_2_warp_reduc,random,377,377,0.000133802
histogram_v2_2_warp_reduc,random,440,440,0.000132363
histogram_v2_2_warp_reduc,random,441,441,0.000139942
histogram_v2_2_warp_reduc,random,504,504,0.000125906
histogram_v2_2_warp_reduc,random,505,505,0.000137792
histogram_v2_2_warp_reduc,random,568,568,0.000150744
histogram_v2_2_warp_reduc,random,569,569,0.000187479
histogram_v2_2_warp_reduc,random,632,632,0.00016107
histogram_v2_2_warp_reduc,random,633,633,0.000196415
histogram_v2_2_warp_reduc,random,696,696,0.000170897
histogram_v2_2_warp_reduc,random,697,697,0.000227503
histogram_v2_2_warp_reduc,random,760,760,0.000175541
histogram_v2_2_warp_reduc,random,761,761,0.000239586
histogram_v2_2_warp_reduc,random,824,824,0.000210944
histogram_v2_2_warp_reduc,random,825,825,0.000207064
histogram_v2_2_warp_reduc,random,888,888,0.000225513
histogram_v2_2_warp_reduc,random,889,889,0.000249211
histogram_v2_2_warp_reduc,random,952,952,0.000252213
histogram_v2_2_warp_reduc,random,953,953,0.000266911
histogram_v2_2_warp_reduc,random,1016,1016,0.000301713
histogram_v2_2_warp_reduc,random,1017,1017,0.00029885
histogram_v2_2_warp_reduc,random,1080,1080,0.000404784
histogram_v2_2_warp_reduc,random,1081,1081,0.000375926
histogram_v2_2_warp_reduc,random,1144,1144,0.000391608
histogram_v2_2_warp_reduc,random,1145,1145,0.000413693
histogram_v2_2_warp_reduc,random,1208,1208,0.000420942
histogram_v2_2_warp_reduc,random,1209,1209,0.000413985
histogram_v2_2_warp_reduc,random,1272,1272,0.000433712
histogram_v2_2_warp_reduc,random,1273,1273,0.000407112
histogram_v2_2_warp_reduc,random,1336,1336,0.000485202
histogram_v2_2_warp_reduc,random,1337,1337,0.00046691
histogram_v2_2_warp_reduc,random,1400,1400,0.000540039
histogram_v2_2_warp_reduc,random,1401,1401,0.000551517
histogram_v2_2_warp_reduc,random,1464,1464,0.000599676
histogram_v2_2_warp_reduc,random,1465,1465,0.000579194
histogram_v2_2_warp_reduc,random,1528,1528,0.00062307
histogram_v2_2_warp_reduc,random,1529,1529,0.000598434
histogram_v2_2_warp_reduc,random,1592,1592,0.000619335
histogram_v2_2_warp_reduc,random,1593,1593,0.000680281
histogram_v2_2_warp_reduc,random,1656,1656,0.000712998
histogram_v2_2_warp_reduc,random,1657,1657,0.000653269
histogram_v2_2_warp_reduc,random,1720,1720,0.000759005
histogram_v2_2_warp_reduc,random,1721,1721,0.000807991
histogram_v2_2_warp_reduc,random,1784,1784,0.000845141
histogram_v2_2_warp_reduc,random,1785,1785,0.000864034
histogram_v2_2_warp_reduc,random,1848,1848,0.000872336
histogram_v2_2_warp_reduc,random,1849,1849,0.000808504
histogram_v2_2_warp_reduc,random,1912,1912,0.000900213
histogram_v2_2_warp_reduc,random,1913,1913,0.000777665
histogram_v2_2_warp_reduc,random,1976,1976,0.000873496
histogram_v2_2_warp_reduc,random,1977,1977,0.000946061
histogram_v2_2_warp_reduc,random,2040,2040,0.000961383
histogram_v2_2_warp_reduc,random,2041,2041,0.00099079
histogram_v2_2_warp_reduc,random,2104,2104,0.001107
histogram_v2_2_warp_reduc,random,2105,2105,0.00102395
histogram_v2_2_warp_reduc,random,2168,2168,0.00112877
histogram_v2_2_warp_reduc,random,2169,2169,0.00103317
histogram_v2_2_warp_reduc,random,2232,2232,0.00111695
histogram_v2_2_warp_reduc,random,2233,2233,0.00108096
histogram_v2_2_warp_reduc,random,2296,2296,0.00117656
histogram_v2_2_warp_reduc,random,2297,2297,0.0011925
histogram_v2_2_warp_reduc,random,2360,2360,0.00117096
histogram_v2_2_warp_reduc,random,2361,2361,0.00118708
histogram_v2_2_warp_reduc,random,2424,2424,0.00123722
histogram_v2_2_warp_reduc,random,2425,2425,0.001258
histogram_v2_2_warp_reduc,random,2488,2488,0.00130915
histogram_v2_2_warp_reduc,random,2489,2489,0.00135888
histogram_v2_2_warp_reduc,random,2552,2552,0.00129783
histogram_v2_2_warp_reduc,random,2553,2553,0.00149317
histogram_v2_2_warp_reduc,random,2616,2616,0.00159646
histogram_v2_2_warp_reduc,random,2617,2617,0.0013416
histogram_v2_2_warp_reduc,random,2680,2680,0.00167673
histogram_v2_2_warp_reduc,random,2681,2681,0.00165306
histogram_v2_2_warp_reduc,random,2744,2744,0.00149727
histogram_v2_2_warp_reduc,random,2745,2745,0.00173018
histogram_v2_2_warp_reduc,random,2808,2808,0.00182105
histogram_v2_2_warp_reduc,random,2809,2809,0.00148908
histogram_v2_2_warp_reduc,random,2872,2872,0.00186611
histogram_v2_2_warp_reduc,random,2873,2873,0.00191266
histogram_v2_2_warp_reduc,random,2936,2936,0.00200524
histogram_v2_2_warp_reduc,random,2937,2937,0.00193049
histogram_v2_2_warp_reduc,random,3000,3000,0.00205876
histogram_v2_2_warp_reduc,random,3001,3001,0.00195494
histogram_v2_2_warp_reduc,random,3064,3064,0.0021952
histogram_v2_2_warp_reduc,random,3065,3065,0.00220746
histogram_v2_2_warp_reduc,random,3128,3128,0.00223633
histogram_v2_2_warp_reduc,random,3129,3129,0.00216537
histogram_v2_2_warp_reduc,random,3192,3192,0.00221857
histogram_v2_2_warp_reduc,random,3193,3193,0.00193537
histogram_v2_2_warp_reduc,random,3256,3256,0.00232396
histogram_v2_2_warp_reduc,random,3257,3257,0.00227219
histogram_v2_2_warp_reduc,random,3320,3320,0.00247385
histogram_v2_2_warp_reduc,random,3321,3321,0.00248161
histogram_v2_2_warp_reduc,random,3384,3384,0.0025826
histogram_v2_2_warp_reduc,random,3385,3385,0.00260384
histogram_v2_2_warp_reduc,random,3448,3448,0.00269384
histogram_v2_2_warp_reduc,random,3449,3449,0.00268613
histogram_v2_2_warp_reduc,random,3512,3512,0.00263743
histogram_v2_2_warp_reduc,random,3513,3513,0.00267469
histogram_v2_2_warp_reduc,random,3576,3576,0.0028119
histogram_v2_2_warp_reduc,random,3577,3577,0.00290303
histogram_v2_2_warp_reduc,random,3640,3640,0.00297616
histogram_v2_2_warp_reduc,random,3641,3641,0.00280144
histogram_v2_2_warp_reduc,random,3704,3704,0.00308085
histogram_v2_2_warp_reduc,random,3705,3705,0.00309181
histogram_v2_2_warp_reduc,random,3768,3768,0.00309457
histogram_v2_2_warp_reduc,random,3769,3769,0.00317415
histogram_v2_2_warp_reduc,random,3832,3832,0.00312317
histogram_v2_2_warp_reduc,random,3833,3833,0.00316959
histogram_v2_2_warp_reduc,random,3896,3896,0.00325003
histogram_v2_2_warp_reduc,random,3897,3897,0.00320676
histogram_v2_2_warp_reduc,random,3960,3960,0.00328915
histogram_v2_2_warp_reduc,random,3961,3961,0.00339121
histogram_v2_2_warp_reduc,random,4024,4024,0.00342489
histogram_v2_2_warp_reduc,random,4025,4025,0.00341467
histogram_v2_2_warp_reduc,random,4088,4088,0.00376645
histogram_v2_2_warp_reduc,random,4089,4089,0.00370756
histogram_v2_2_warp_reduc,random,32,32,0.000132537
histogram_v2_2_warp_reduc,random,33,33,0.000114344
histogram_v2_2_warp_reduc,random,128,128,0.000115326
histogram_v2_2_warp_reduc,random,129,129,0.000117662
histogram_v2_2_warp_reduc,random,256,256,0.000121671
histogram_v2_2_warp_reduc,random,257,257,0.000149763
histogram_v2_2_warp_reduc,random,512,512,0.000172692
histogram_v2_2_warp_reduc,random,513,513,0.00016394
histogram_v2_2_warp_reduc,random,1024,1024,0.000419347
histogram_v2_2_warp_reduc,random,1025,1025,0.000306943
histogram_v2_2_warp_reduc,random,2048,2048,0.00107547
histogram_v2_2_warp_reduc,random,2049,2049,0.00105868
histogram_v2_2_warp_reduc,random,4096,4096,0.00374803
histogram_v2_2_warp_reduc,random,4097,4097,0.00378025
histogram_v3_SIMD,random,56,56,0.000161061
histogram_v3_SIMD,random,57,57,0.000109871
histogram_v3_SIMD,random,120,120,0.000117249
histogram_v3_SIMD,random,121,121,
histogram_v3_SIMD,random,184,184,0.00012097
histogram_v3_SIMD,random,185,185,0.000116104
histogram_v3_SIMD,random,248,248,0.000132723
histogram_v3_SIMD,random,249,249,0.00012534
histogram_v3_SIMD,random,312,312,0.000116589
histogram_v3_SIMD,random,313,313,0.000145038
histogram_v3_SIMD,random,376,376,0.000125164
histogram_v3_SIMD,random,377,377,0.000117858
histogram_v3_SIMD,random,440,440,0.00012711
histogram_v3_SIMD,random,441,441,0.000132312
histogram_v3_SIMD,random,504,504,0.000133838
histogram_v3_SIMD,random,505,505,0.00016158
histogram_v3_SIMD,random,568,568,0.00014548
histogram_v3_SIMD,random,569,569,0.000144906
histogram_v3_SIMD,random,632,632,0.000146492
histogram_v3_SIMD,random,633,633,0.0001468
histogram_v3_SIMD,random,696,696,0.000149066
histogram_v3_SIMD,random,697,697,0.000156655
histogram_v3_SIMD,random,760,760,0.000155166
histogram_v3_SIMD,random,761,761,0.000169298
histogram_v3_SIMD,random,824,824,0.000172059
histogram_v3_SIMD,random,825,825,0.000151988
histogram_v3_SIMD,random,888,888,0.000209084
histogram_v3_SIMD,random,889,889,0.000197175
histogram_v3_SIMD,random,952,952,0.000227245
histogram_v3_SIMD,random,953,953,0.000224537
histogram_v3_SIMD,random,1016,1016,0.000252164
histogram_v3_SIMD,random,1017,1017,0.000251657
histogram_v3_SIMD,random,1080,1080,0.000272191
histogram_v3_SIMD,random,1081,1081,0.000271452
histogram_v3_SIMD,random,1144,1144,0.000267082
histogram_v3_SIMD,random,1145,1145,0.000255378
histogram_v3_SIMD,random,1208,1208,0.00026458
histogram_v3_SIMD,random,1209,1209,0.000242012
histogram_v3_SIMD,random,1272,1272,0.000261855
histogram_v3_SIMD,random,1273,1273,0.000245841
histogram_v3_SIMD,random,1336,1336,0.000290375
histogram_v3_SIMD,random,1337,1337,0.000289208
histogram_v3_SIMD,random,1400,1400,0.000331518
histogram_v3_SIMD,random,1401,1401,0.000331045
histogram_v3_SIMD,random,1464,1464,0.00035373
histogram_v3_SIMD,random,1465,1465,0.000376447
histogram_v3_SIMD,random,1528,1528,0.000331656
histogram_v3_SIMD,random,1529,1529,0.000344462
histogram_v3_SIMD,random,1592,1592,0.000331134
histogram_v3_SIMD,random,1593,1593,0.000322745
histogram_v3_SIMD,random,1656,1656,0.000367348
histogram_v3_SIMD,random,1657,1657,0.000359194
histogram_v3_SIMD,random,1720,1720,0.000420066
histogram_v3_SIMD,random,1721,1721,0.000414675
histogram_v3_SIMD,random,1784,1784,0.000470646
histogram_v3_SIMD,random,1785,1785,0.000411904
histogram_v3_SIMD,random,1848,1848,0.000430387
histogram_v3_SIMD,random,1849,1849,0.000413631
histogram_v3_SIMD,random,1912,1912,0.000421238
histogram_v3_SIMD,random,1913,1913,0.000427194
histogram_v3_SIMD,random,1976,1976,0.000502023
histogram_v3_SIMD,random,1977,1977,0.000478001
histogram_v3_SIMD,random,2040,2040,0.000545149
histogram_v3_SIMD,random,2041,2041,0.000538333
histogram_v3_SIMD,random,2104,2104,0.000540112
histogram_v3_SIMD,random,2105,2105,0.000548284
histogram_v3_SIMD,random,2168,2168,0.00054664
histogram_v3_SIMD,random,2169,2169,0.000547548
histogram_v3_SIMD,random,2232,2232,0.000552045
histogram_v3_SIMD,random,2233,2233,0.00054821
histogram_v3_SIMD,random,2296,2296,0.00061461
histogram_v3_SIMD,random,2297,2297,0.000634486
histogram_v3_SIMD,random,2360,2360,0.000601687
histogram_v3_SIMD,random,2361,2361,0.000617272
histogram_v3_SIMD,random,2424,2424,0.000629018
histogram_v3_SIMD,random,2425,2425,0.000629302
histogram_v3_SIMD,random,2488,2488,0.000689529
histogram_v3_SIMD,random,2489,2489,0.00071536
histogram_v3_SIMD,random,2552,2552,0.000719311
histogram_v3_SIMD,random,2553,2553,0.000740969
histogram_v3_SIMD,random,2616,2616,0.00073923
histogram_v3_SIMD,random,2617,2617,0.00073297
histogram_v3_SIMD,random,2680,2680,0.000806569
histogram_v3_SIMD,random,2681,2681,0.000794696
histogram_v3_SIMD,random,2744,2744,0.000839742
histogram_v3_SIMD,random,2745,2745,0.00075201
histogram_v3_SIMD,random,2808,2808,0.000820958
histogram_v3_SIMD,random,2809,2809,0.000795476
histogram_v3_SIMD,random,2872,2872,0.000873134
histogram_v3_SIMD,random,2873,2873,0.000879799
histogram_v3_SIMD,random,2936,2936,0.000884229
histogram_v3_SIMD,random,2937,2937,0.000893355
histogram_v3_SIMD,random,3000,3000,0.000930439
histogram_v3_SIMD,random,3001,3001,0.000891173
histogram_v3_SIMD,random,3064,3064,0.00133175
histogram_v3_SIMD,random,3065,3065,0.000945163
histogram_v3_SIMD,random,3128,3128,0.00100679
histogram_v3_SIMD,random,3129,3129,0.000947812
histogram_v3_SIMD,random,3192,3192,0.00101755
histogram_v3_SIMD,random,3193,3193,0.000978347
histogram_v3_SIMD,random,3256,3256,0.00111322
histogram_v3_SIMD,random,3257,3257,0.00105954
histogram_v3_SIMD,random,3320,3320,0.00108818
histogram_v3_SIMD,random,3321,3321,0.0010801
histogram_v3_SIMD,random,3384,3384,0.00119057
histogram_v3_SIMD,random,3385,3385,0.00120567
histogram_v3_SIMD,random,3448,3448,0.00104294
histogram_v3_SIMD,random,3449,3449,0.00108403
histogram_v3_SIMD,random,3512,3512,0.00123397
histogram_v3_SIMD,random,3513,3513,0.00121544
histogram_v3_SIMD,random,3576,3576,0.00128819
histogram_v3_SIMD,random,3577,3577,0.00121592
histogram_v3_SIMD,random,3640,3640,0.00129666
histogram_v3_SIMD,random,3641,3641,0.00131806
histogram_v3_SIMD,random,3704,3704,0.00130581
histogram_v3_SIMD,random,3705,3705,0.00139402
histogram_v3_SIMD,random,3768,3768,0.00140204
histogram_v3_SIMD,random,3769,3769,0.00135803
histogram_v3_SIMD,random,3832,3832,0.00149344
histogram_v3_SIMD,random,3833,3833,0.00146133
histogram_v3_SIMD,random,3896,3896,0.00145605
histogram_v3_SIMD,random,3897,3897,0.00139563
histogram_v3_SIMD,random,3960,3960,0.00156212
histogram_v3_SIMD,random,3961,3961,0.00154424
histogram_v3_SIMD,random,4024,4024,0.0015413
histogram_v3_SIMD,random,4025,4025,0.00149642
histogram_v3_SIMD,random,4088,4088,0.00164063
histogram_v3_SIMD,random,4089,4089,0.00163667
histogram_v3_SIMD,random,32,32,0.000123803
histogram_v3_SIMD,random,33,33,0.000116875
histogram_v3_SIMD,random,128,128,0.000119283
histogram_v3_SIMD,random,129,129,0.000129097
histogram_v3_SIMD,random,256,256,0.000122397
histogram_v3_SIMD,random,257,257,0.000118815
histogram_v3_SIMD,random,512,512,0.000134626
histogram_v3_SIMD,random,513,513,0.000140249
histogram_v3_SIMD,random,1024,1024,0.000274967
histogram_v3_SIMD,random,1025,1025,0.000252361
histogram_v3_SIMD,random,2048,2048,0.000568536
histogram_v3_SIMD,random,2049,2049,0.00055164
histogram_v3_SIMD,random,4096,4096,0.00167673
histogram_v3_SIMD,random,4097,4097,0.00158851
histogram_v3_SIMD,random,56,56,0.000120724
histogram_v3_SIMD,random,57,57,0.000113005
histogram_v3_SIMD,random,120,120,0.000130956
histogram_v3_SIMD,random,121,121,0.000117815
histogram_v3_SIMD,random,184,184,0.000113762
histogram_v3_SIMD,random,185,185,0.000115622
histogram_v3_SIMD,random,248,248,0.000123412
histogram_v3_SIMD,random,249,249,0.000118802
histogram_v3_SIMD,random,312,312,0.000123631
histogram_v3_SIMD,random,313,313,0.000122099
histogram_v3_SIMD,random,376,376,0.00014426
histogram_v3_SIMD,random,377,377,0.000123764
histogram_v3_SIMD,random,440,440,0.000122563
histogram_v3_SIMD,random,441,441,0.00013002
histogram_v3_SIMD,random,504,504,0.000128103
histogram_v3_SIMD,random,505,505,0.000120919
histogram_v3_SIMD,random,568,568,0.000136509
histogram_v3_SIMD,random,569,569,0.000150641
histogram_v3_SIMD,random,632,632,0.00014481
histogram_v3_SIMD,random,633,633,0.000147587
histogram_v3_SIMD,random,696,696,0.000160639
histogram_v3_SIMD,random,697,697,0.00015526
histogram_v3_SIMD,random,760,760,0.000151271
histogram_v3_SIMD,random,761,761,0.000163653
histogram_v3_SIMD,random,824,824,0.000176763
histogram_v3_SIMD,random,825,825,0.00017424
histogram_v3_SIMD,random,888,888,0.000196475
histogram_v3_SIMD,random,889,889,0.00020098
histogram_v3_SIMD,random,952,952,0.000225044
histogram_v3_SIMD,random,953,953,0.000227266
histogram_v3_SIMD,random,1016,1016,0.000268381
histogram_v3_SIMD,random,1017,1017,0.000218136
histogram_v3_SIMD,random,1080,1080,0.00025327
histogram_v3_SIMD,random,1081,1081,0.000276121
histogram_v3_SIMD,random,1144,1144,0.000275269
histogram_v3_SIMD,random,1145,1145,0.00026064
histogram_v3_SIMD,random,1208,1208,0.000253517
histogram_v3_SIMD,random,1209,1209,0.000260836
histogram_v3_SIMD,random,1272,1272,0.000248623
histogram_v3_SIMD,random,1273,1273,0.00025346
histogram_v3_SIMD,random,1336,1336,0.000285317
histogram_v3_SIMD,random,1337,1337,0.000280791
histogram_v3_SIMD,random,1400,1400,0.00034074
histogram_v3_SIMD,random,1401,1401,0.000333946
histogram_v3_SIMD,random,1464,1464,0.000368796
histogram_v3_SIMD,random,1465,1465,0.000379643
histogram_v3_SIMD,random,1528,1528,0.00035672
histogram_v3_SIMD,random,1529,1529,0.000349981
histogram_v3_SIMD,random,1592,1592,0.000342637
histogram_v3_SIMD,random,1593,1593,0.00034777
histogram_v3_SIMD,random,1656,1656,0.000353664
histogram_v3_SIMD,random,1657,1657,0.000343123
histogram_v3_SIMD,random,1720,1720,0.000429897
histogram_v3_SIMD,random,1721,1721,0.000388332
histogram_v3_SIMD,random,1784,1784,0.00044526
histogram_v3_SIMD,random,1785,1785,0.000453322
histogram_v3_SIMD,random,1848,1848,0.000456305
histogram_v3_SIMD,random,1849,1849,0.000445395
histogram_v3_SIMD,random,1912,1912,0.000428175
histogram_v3_SIMD,random,1913,1913,0.000451758
histogram_v3_SIMD,random,1976,1976,0.000471979
histogram_v3_SIMD,random,1977,1977,0.000497578
histogram_v3_SIMD,random,2040,2040,0.000504383
histogram_v3_SIMD,random,2041,2041,0.000563026
histogram_v3_SIMD,random,2104,2104,0.000540158
histogram_v3_SIMD,random,2105,2105,0.000546637
histogram_v3_SIMD,random,2168,2168,0.000548132
histogram_v3_SIMD,random,2169,2169,0.000545144
histogram_v3_SIMD,random,2232,2232,0.000558636
histogram_v3_SIMD,random,2233,2233,0.00055115
histogram_v3_SIMD,random,2296,2296,0.00063141
histogram_v3_SIMD,random,2297,2297,0.000619433
histogram_v3_SIMD,random,2360,2360,0.000551618
histogram_v3_SIMD,random,2361,2361,0.000623951
histogram_v3_SIMD,random,2424,2424,0.000650094
histogram_v3_SIMD,random,2425,2425,0.000651757
histogram_v3_SIMD,random,2488,2488,0.000721829
histogram_v3_SIMD,random,2489,2489,0.000729016
histogram_v3_SIMD,random,2552,2552,0.000742785
histogram_v3_SIMD,random,2553,2553,0.000720596
histogram_v3_SIMD,random,2616,2616,0.000727769
histogram_v3_SIMD,random,2617,2617,0.000659341
histogram_v3_SIMD,random,2680,2680,0.00082323
histogram_v3_SIMD,random,2681,2681,0.000746904
histogram_v3_SIMD,random,2744,2744,0.000772853
histogram_v3_SIMD,random,2745,2745,0.000834075
histogram_v3_SIMD,random,2808,2808,0.000791691
histogram_v3_SIMD,random,2809,2809,0.000813557
histogram_v3_SIMD,random,2872,2872,0.000868072
histogram_v3_SIMD,random,2873,2873,0.0008571
histogram_v3_SIMD,random,2936,2936,0.000918165
histogram_v3_SIMD,random,2937,2937,0.000909606
histogram_v3_SIMD,random,3000,3000,0.000826999
histogram_v3_SIMD,random,3001,3001,0.000935049
histogram_v3_SIMD,random,3064,3064,0.00102266
histogram_v3_SIMD,random,3065,3065,0.000991937
histogram_v3_SIMD,random,3128,3128,0.000963603
histogram_v3_SIMD,random,3129,3129,0.000998643
histogram_v3_SIMD,random,3192,3192,0.0010209
histogram_v3_SIMD,random,3193,3193,0.00104637
histogram_v3_SIMD,random,3256,3256,0.00111104
histogram_v3_SIMD,random,3257,3257,0.00104735
histogram_v3_SIMD,random,3320,3320,0.0011255
histogram_v3_SIMD,random,3321,3321,0.00112031
histogram_v3_SIMD,random,3384,3384,0.00114721
histogram_v3_SIMD,random,3385,3385,0.00116759
histogram_v3_SIMD,random,3448,3448,0.00118792
histogram_v3_SIMD,random,3449,3449,0.00115493
histogram_v3_SIMD,random,3512,3512,0.00123912
histogram_v3_SIMD,random,3513,3513,0.00119824
histogram_v3_SIMD,random,3576,3576,0.00128809
histogram_v3_SIMD,random,3577,3577,0.00124735
histogram_v3_SIMD,random,3640,3640,0.0012775
histogram_v3_SIMD,random,3641,3641,0.00126306
histogram_v3_SIMD,random,3704,3704,0.00140228
histogram_v3_SIMD,random,3705,3705,0.00137053
histogram_v3_SIMD,random,3768,3768,0.00131249
histogram_v3_SIMD,random,3769,3769,0.00129592
histogram_v3_SIMD,random,3832,3832,0.00149736
histogram_v3_SIMD,random,3833,3833,0.00143474
histogram_v3_SIMD,random,3896,3896,0.00150098
histogram_v3_SIMD,random,3897,3897,0.00145494
histogram_v3_SIMD,random,3960,3960,0.00155106
histogram_v3_SIMD,random,3961,3961,0.00154705
histogram_v3_SIMD,random,4024,4024,0.00136923
histogram_v3_SIMD,random,4025,4025,0.00148992
histogram_v3_SIMD,random,4088,4088,0.00168105
histogram_v3_SIMD,random,4089,4089,0.00166879
histogram_v3_SIMD,random,32,32,0.000119517
histogram_v3_SIMD,random,33,33,0.000111814
histogram_v3_SIMD,random,128,128,0.000117542
histogram_v3_SIMD,random,129,129,0.000115682
histogram_v3_SIMD,random,256,256,0.000114712
histogram_v3_SIMD,random,257,257,0.000125431
histogram_v3_SIMD,random,512,512,0.000137615
histogram_v3_SIMD,random,513,513,0.000128038
histogram_v3_SIMD,random,1024,1024,0.000271401
histogram_v3_SIMD,random,1025,1025,0.00025289
histogram_v3_SIMD,random,2048,2048,0.000555156
histogram_v3_SIMD,random,2049,2049,0.000560169
histogram_v3_SIMD,random,4096,4096,0.00168116
histogram_v3_SIMD,random,4097,4097,0.00162904
histogram_v3_SIMD,random,56,56,0.000117273
histogram_v3_SIMD,random,57,57,0.000114627
histogram_v3_SIMD,random,120,120,0.000120518
histogram_v3_SIMD,random,121,121,0.000115774
histogram_v3_SIMD,random,184,184,0.000115712
histogram_v3_SIMD,random,185,185,0.000129439
histogram_v3_SIMD,random,248,248,0.000110367
histogram_v3_SIMD,random,249,249,0.000130153
histogram_v3_SIMD,random,312,312,0.000122836
histogram_v3_SIMD,random,313,313,0.000115103
histogram_v3_SIMD,random,376,376,0.000125572
histogram_v3_SIMD,random,377,377,0.000120129
histogram_v3_SIMD,random,440,440,0.000135563
histogram_v3_SIMD,random,441,441,0.000127779
histogram_v3_SIMD,random,504,504,0.000133584
histogram_v3_SIMD,random,505,505,0.000129103
histogram_v3_SIMD,random,568,568,0.000141245
histogram_v3_SIMD,random,569,569,0.000139049
histogram_v3_SIMD,random,632,632,0.000141763
histogram_v3_SIMD,random,633,633,0.000148148
histogram_v3_SIMD,random,696,696,0.000151787
histogram_v3_SIMD,random,697,697,0.000146817
histogram_v3_SIMD,random,760,760,0.000161887
histogram_v3_SIMD,random,761,761,0.000166697
histogram_v3_SIMD,random,824,824,0.000175142
histogram_v3_SIMD,random,825,825,0.000168947
histogram_v3_SIMD,random,888,888,0.000206085
histogram_v3_SIMD,random,889,889,0.000210121
histogram_v3_SIMD,random,952,952,0.000219546
histogram_v3_SIMD,random,953,953,0.00022152
histogram_v3_SIMD,random,1016,1016,0.000257437
histogram_v3_SIMD,random,1017,1017,0.000239781
histogram_v3_SIMD,random,1080,1080,0.000255601
histogram_v3_SIMD,random,1081,1081,0.000270312
histogram_v3_SIMD,random,1144,1144,0.000259884
histogram_v3_SIMD,random,1145,1145,0.000257402
histogram_v3_SIMD,random,1208,1208,0.000274225
histogram_v3_SIMD,random,1209,1209,0.00026114
histogram_v3_SIMD,random,1272,1272,0.000263798
histogram_v3_SIMD,random,1273,1273,0.000261296
histogram_v3_SIMD,random,1336,1336,0.000284738
histogram_v3_SIMD,random,1337,1337,0.000283526
histogram_v3_SIMD,random,1400,1400,0.000325237
histogram_v3_SIMD,random,1401,1401,0.000341224
histogram_v3_SIMD,random,1464,1464,0.000359614
histogram_v3_SIMD,random,1465,1465,0.00037342
histogram_v3_SIMD,random,1528,1528,0.000357871
histogram_v3_SIMD,random,1529,1529,0.000331682
histogram_v3_SIMD,random,1592,1592,0.000349446
histogram_v3_SIMD,random,1593,1593,0.0003504
histogram_v3_SIMD,random,1656,1656,0.000329449
histogram_v3_SIMD,random,1657,1657,0.000361283
histogram_v3_SIMD,random,1720,1720,0.000413929
histogram_v3_SIMD,random,1721,1721,0.000421155
histogram_v3_SIMD,random,1784,1784,0.00045049
histogram_v3_SIMD,random,1785,1785,0.000466503
histogram_v3_SIMD,random,1848,1848,0.000450553
histogram_v3_SIMD,random,1849,1849,0.000426713
histogram_v3_SIMD,random,1912,1912,0.000446905
histogram_v3_SIMD,random,1913,1913,0.000435101
histogram_v3_SIMD,random,1976,1976,0.000456906
histogram_v3_SIMD,random,1977,1977,0.000472536
histogram_v3_SIMD,random,2040,2040,0.000542381
histogram_v3_SIMD,random,2041,2041,0.000541014
histogram_v3_SIMD,random,2104,2104,0.000546531
histogram_v3_SIMD,random,2105,2105,0.000529326
histogram_v3_SIMD,random,2168,2168,0.000526163
histogram_v3_SIMD,random,2169,2169,0.000513205
histogram_v3_SIMD,random,2232,2232,0.000586005
histogram_v3_SIMD,random,2233,2233,0.000574639
histogram_v3_SIMD,random,2296,2296,0.00061124
histogram_v3_SIMD,random,2297,2297,0.000644326
histogram_v3_SIMD,random,2360,2360,0.000595455
histogram_v3_SIMD,random,2361,2361,0.000632665
histogram_v3_SIMD,random,2424,2424,0.000574981
histogram_v3_SIMD,random,2425,2425,0.000625739
histogram_v3_SIMD,random,2488,2488,0.000722566
histogram_v3_SIMD,random,2489,2489,0.000699253
histogram_v3_SIMD,random,2552,2552,0.000740333
histogram_v3_SIMD,random,2553,2553,0.000738918
histogram_v3_SIMD,random,2616,2616,0.00074367
histogram_v3_SIMD,random,2617,2617,0.00070895
histogram_v3_SIMD,random,2680,2680,0.000797052
histogram_v3_SIMD,random,2681,2681,0.000787566
histogram_v3_SIMD,random,2744,2744,0.000830499
histogram_v3_SIMD,random,2745,2745,0.000814099
histogram_v3_SIMD,random,2808,2808,0.000824498
histogram_v3_SIMD,random,2809,2809,0.000813648
histogram_v3_SIMD,random,2872,2872,0.000862015
histogram_v3_SIMD,random,2873,2873,0.000860292
histogram_v3_SIMD,random,2936,2936,0.000923572
histogram_v3_SIMD,random,2937,2937,0.000919835
histogram_v3_SIMD,random,3000,3000,0.000916625
histogram_v3_SIMD,random,3001,3001,0.000928835
histogram_v3_SIMD,random,3064,3064,0.00102758
histogram_v3_SIMD,random,3065,3065,0.00098205
histogram_v3_SIMD,random,3128,3128,0.00100295
histogram_v3_SIMD,random,3129,3129,0.00101171
histogram_v3_SIMD,random,3192,3192,0.000988789
histogram_v3_SIMD,random,3193,3193,0.00104632
histogram_v3_SIMD,random,3256,3256,0.00112616
histogram_v3_SIMD,random,3257,3257,0.0011267
histogram_v3_SIMD,random,3320,3320,0.00111015
histogram_v3_SIMD,random,3321,3321,0.00111197
histogram_v3_SIMD,random,3384,3384,0.00120144
histogram_v3_SIMD,random,3385,3385,0.00119538
histogram_v3_SIMD,random,3448,3448,0.00115752
histogram_v3_SIMD,random,3449,3449,0.00115401
histogram_v3_SIMD,random,3512,3512,0.00120333
histogram_v3_SIMD,random,3513,3513,0.0011908
histogram_v3_SIMD,random,3576,3576,0.00130117
histogram_v3_SIMD,random,3577,3577,0.00126057
histogram_v3_SIMD,random,3640,3640,0.00132656
histogram_v3_SIMD,random,3641,3641,0.00131572
histogram_v3_SIMD,random,3704,3704,0.00135822
histogram_v3_SIMD,random,3705,3705,0.00126862
histogram_v3_SIMD,random,3768,3768,0.00136772
histogram_v3_SIMD,random,3769,3769,0.00133786
histogram_v3_SIMD,random,3832,3832,0.00142632
histogram_v3_SIMD,random,3833,3833,0.0014461
histogram_v3_SIMD,random,3896,3896,0.00149241
histogram_v3_SIMD,random,3897,3897,0.00143889
histogram_v3_SIMD,random,3960,3960,0.00157686
histogram_v3_SIMD,random,3961,3961,0.00158509
histogram_v3_SIMD,random,4024,4024,0.00159016
histogram_v3_SIMD,random,4025,4025,0.00154275
histogram_v3_SIMD,random,4088,4088,0.00158002
histogram_v3_SIMD,random,4089,4089,0.00156157
histogram_v3_SIMD,random,32,32,0.000115339
histogram_v3_SIMD,random,33,33,0.000115623
histogram_v3_SIMD,random,128,128,0.000115965
histogram_v3_SIMD,random,129,129,0.000119998
histogram_v3_SIMD,random,256,256,0.000122934
histogram_v3_SIMD,random,257,257,0.000114282
histogram_v3_SIMD,random,512,512,0.000139469
histogram_v3_SIMD,random,513,513,0.000130434
histogram_v3_SIMD,random,1024,1024,0.000265681
histogram_v3_SIMD,random,1025,1025,0.000247789
histogram_v3_SIMD,random,2048,2048,0.000551054
histogram_v3_SIMD,random,2049,2049,0.000560597
histogram_v3_SIMD,random,4096,4096,0.00163257
histogram_v3_SIMD,random,4097,4097,0.00167689
